1,1
1,1001
1,2001
1,3001
1,4001
1,5001
1,6001
1,7001
1,8001,locus:8586-9200,seqID:XP_003886610.1,OG:OG5_128410,counts:3,2,0,1,1,5,3,22
1,9001,locus:9242-10126,seqID:XP_003886611.1,OG:OG5_127385,counts:4,3,2,4,2,7,3,19
1,10001,locus:10177-11559,seqID:XP_003886612.1,OG:OG5_126679,counts:4,8,7,5,3,8,14,39
1,11001,locus:11627-13444,seqID:XP_003886613.1,OG:OG5_126733,counts:4,4,4,4,3,7,4,22
1,12001
1,13001
1,14001,locus:14907-15929,seqID:XP_003886616.1,OG:OG5_127143,counts:4,6,4,5,3,8,0,8
1,15001
1,16001
1,17001
1,18001
1,19001,locus:19654-20373,seqID:XP_003886622.1,OG:OG5_126641,counts:5,8,7,6,3,8,15,39
1,20001,locus:20947-21432,seqID:XP_003886624.1,OG:OG5_127902,counts:2,0,1,1,2,3,0,0
1,21001
1,22001
1,23001
1,24001
1,25001
1,26001,locus:26238-26828,seqID:XP_003886627.1,OG:OG5_127732,counts:3,1,3,2,2,4,0,0
1,27001,locus:27924-28766,seqID:XP_003886629.1,OG:OG5_128041,counts:4,7,5,3,3,7,0,0
1,28001
1,29001
1,30001
1,31001
1,32001
1,33001,locus:33829-34359,seqID:XP_003886634.1,OG:OG5_128679,counts:4,1,2,2,2,3,0,0
1,34001,locus:34958-36148,seqID:XP_003886636.1,OG:OG5_128561,counts:3,4,2,3,2,6,0,12
1,35001
1,36001,locus:36343-37470,seqID:XP_003886637.1,OG:OG5_126595,counts:5,7,6,5,3,6,0,1
1,37001
1,38001,locus:38420-38962,seqID:XP_003886639.1,OG:OG5_127748,counts:4,6,5,4,3,7,11,0
1,39001,locus:39924-40334,seqID:XP_003886641.1,OG:OG5_129502,counts:2,1,0,2,2,2,0,0
1,40001,locus:40568-40990,seqID:XP_003886642.1,OG:OG5_127020,counts:4,6,6,5,3,8,10,38
1,41001
1,42001,locus:42189-43817,seqID:XP_003886644.1,OG:OG5_128083,counts:4,4,1,2,1,5,0,0
1,43001
1,44001,locus:44035-44349,seqID:XP_003886645.1,OG:OG5_127457,counts:3,4,1,3,2,8,0,0
1,45001
1,46001
1,47001
1,48001
1,49001
1,50001,locus:50397-51314,seqID:XP_003886652.1,OG:OG5_127819,counts:4,5,5,4,3,8,1,0
1,51001,locus:51369-53306,seqID:XP_003886653.1,OG:OG5_129600,counts:2,3,1,0,1,2,0,0
1,52001
1,53001,locus:53390-53887,seqID:XP_003886654.1,OG:OG5_131002,counts:1,0,0,0,0,0,0,0
1,54001,locus:53978-55396,seqID:XP_003886655.1,OG:OG5_127396,counts:1,1,1,1,2,2,0,0
1,55001
1,56001
1,57001,locus:57164-58756,seqID:XP_003886657.1,OG:OG5_128133,counts:4,2,3,4,2,8,0,11
1,58001,locus:58878-60122,seqID:XP_003886658.1,OG:OG5_128887,counts:3,3,1,2,2,3,0,0
1,59001
1,60001
1,61001,locus:61338-62627,seqID:XP_003886661.1,OG:OG5_127447,counts:5,7,6,5,3,8,15,0
1,62001
1,63001,locus:63581-64027,seqID:XP_003886663.1,OG:OG5_127633,counts:4,7,4,4,3,7,0,0
1,64001
1,65001,locus:65517-66173,seqID:XP_003886666.1,OG:OG5_129576,counts:2,5,6,4,2,4,6,25
1,66001,locus:66243-67250,seqID:XP_003886667.1,OG:OG5_128080,counts:3,2,0,2,2,4,0,0
1,67001
1,68001
1,69001
1,70001,locus:70293-71672,seqID:XP_003886671.1,OG:OG5_129327,counts:2,1,0,0,0,2,5,12
1,71001
1,72001
1,73001,locus:73954-74994,seqID:XP_003886674.1,OG:OG5_129125,counts:1,1,0,1,1,2,0,0
1,74001
1,75001,locus:75570-76592,seqID:XP_003886676.1,OG:OG5_128308,counts:3,4,3,2,3,5,0,0
1,76001
1,77001
1,78001
1,79001,locus:79810-80145,seqID:XP_003886679.1,OG:OG5_130959,counts:4,5,0,3,1,2,6,0
1,80001
1,81001
1,82001,locus:82102-82503,seqID:XP_003886683.1,OG:OG5_127261,counts:5,8,7,6,3,8,0,0
1,83001,locus:83060-83539,seqID:XP_003886685.1,OG:OG5_127729,counts:4,8,6,4,3,8,0,0
1,84001,locus:84142-84429,seqID:XP_003886687.1,OG:OG5_127833,counts:4,7,4,4,3,8,0,0
1,85001,locus:85176-86084,seqID:XP_003886689.1,OG:OG5_126583,counts:4,6,6,5,3,7,9,25
1,86001
1,87001
1,88001
1,89001
1,90001
1,91001,locus:91493-92080,seqID:XP_003886692.1,OG:OG5_127888,counts:4,7,6,4,3,7,0,0
1,92001,locus:92133-92708,seqID:XP_003886693.1,OG:OG5_129084,counts:4,7,3,0,0,0,0,0
1,93001,locus:93656-94372,seqID:XP_003886695.1,OG:OG5_127230,counts:3,3,6,3,3,8,0,0
1,94001
1,95001
1,96001,locus:96681-98699,seqID:XP_003886698.1,OG:OG5_127208,counts:2,7,1,2,2,6,8,9
1,97001
1,98001
1,99001
1,100001,locus:100422-101339,seqID:XP_003886700.1,OG:OG5_126796,counts:2,2,1,1,1,3,6,3
1,101001
1,102001,locus:102927-103205,seqID:XP_003886702.1,OG:OG5_131493,counts:3,5,3,4,3,8,0,0
1,103001
1,104001,locus:104948-105229,seqID:XP_003886705.1,OG:OG5_127870,counts:1,1,1,1,1,5,0,0
1,105001,locus:105280-106713,seqID:XP_003886706.1,OG:OG5_127467,counts:4,6,4,5,3,8,14,34
1,106001,locus:106724-108118,seqID:XP_003886707.1,OG:OG5_128249,counts:4,5,1,3,3,7,6,20
1,107001
1,108001
1,109001,locus:109941-112952,seqID:XP_003886710.1,OG:OG5_127360,counts:2,2,1,2,1,3,0,0
1,110001
1,111001
1,112001
1,113001,locus:113013-114863,seqID:XP_003886711.1,OG:OG5_138531,counts:1,0,0,1,1,1,0,0
1,114001
1,115001
1,116001
1,117001
1,118001
1,119001
1,120001,locus:120319-120873,seqID:XP_003886716.1,OG:OG5_131999,counts:2,2,2,2,3,4,0,0
1,121001,locus:120941-123283,seqID:XP_003886717.1,OG:OG5_126926,counts:5,6,5,3,3,7,14,7
1,122001
1,123001
1,124001
1,125001,locus:125360-128413,seqID:XP_003886719.1,OG:OG5_129223,counts:3,5,4,3,3,6,0,0
1,126001
1,127001
1,128001
1,129001,locus:129870-130796,seqID:XP_003886722.1,OG:OG5_128114,counts:4,4,3,2,1,4,1,28
1,130001
1,131001,locus:131104-131511,seqID:XP_003886723.1,OG:OG5_128369,counts:4,7,3,3,3,7,0,0
1,132001,locus:131587-134496,seqID:XP_003886724.1,OG:OG5_127808,counts:4,6,5,4,3,5,0,0
1,133001
1,134001
1,135001,locus:135855-136202,seqID:XP_003886726.1,OG:OG5_128372,counts:3,3,3,1,2,5,0,4
1,136001
1,137001
1,138001
1,139001,locus:139219-139632,seqID:XP_003886728.1,OG:OG5_128485,counts:2,1,1,0,1,1,0,0
1,140001
1,141001,locus:141648-142163,seqID:XP_003886731.1,OG:OG5_128232,counts:3,5,3,4,3,7,0,0
1,142001,locus:142205-143302,seqID:XP_003886732.1,OG:OG5_129485,counts:4,0,0,2,1,2,0,0
1,143001
1,144001
1,145001,locus:145077-147530,seqID:XP_003886734.1,OG:OG5_132515,counts:1,0,0,0,0,0,0,0
1,146001
1,147001
1,148001,locus:148141-149958,seqID:XP_003886736.1,OG:OG5_126733,counts:4,4,4,4,3,7,4,22
1,149001
1,150001,locus:150026-151408,seqID:XP_003886737.1,OG:OG5_126679,counts:4,8,7,5,3,8,14,39
1,151001,locus:151459-152343,seqID:XP_003886738.1,OG:OG5_127385,counts:4,3,2,4,2,7,3,19
1,152001,locus:152385-152999,seqID:XP_003886739.1,OG:OG5_128410,counts:3,2,0,1,1,5,3,22
1,153001
1,154001
1,155001
1,156001
1,157001
1,158001
1,159001
1,160001
1,161001
2,1
2,1001
2,2001
2,3001
2,4001
2,5001
2,6001
2,7001,locus:7520-8515,seqID:XP_003886743.1,OG:OG5_128881,counts:4,4,2,3,3,6,0,0
2,8001
2,9001
2,10001
2,11001,locus:11410-12069,seqID:XP_003886746.1,OG:OG5_127714,counts:3,6,5,3,3,6,0,0
2,12001
2,13001
2,14001
2,15001
2,16001,locus:16792-18579,seqID:XP_003886751.1,OG:OG5_127287,counts:1,1,1,1,2,4,0,0
2,17001
2,18001
2,19001
2,20001,locus:20245-20922,seqID:XP_003886754.1,OG:OG5_128735,counts:4,4,6,3,3,7,3,6
2,21001,locus:21208-22434,seqID:XP_003886755.1,OG:OG5_127890,counts:4,6,6,4,3,7,0,0
2,22001
2,23001
2,24001
2,25001
2,26001,locus:26358-27284,seqID:XP_003886760.1,OG:OG5_127045,counts:4,4,6,4,2,8,10,39
2,27001
2,28001,locus:28413-28727,seqID:XP_003886762.1,OG:OG5_128822,counts:4,2,1,3,2,7,0,0
2,29001
2,30001,locus:30329-33250,seqID:XP_003886764.1,OG:OG5_127785,counts:4,5,5,2,2,7,0,0
2,31001
2,32001
2,33001,locus:33316-33936,seqID:XP_003886765.1,OG:OG5_127100,counts:4,8,7,5,3,7,14,5
2,34001,locus:34004-34846,seqID:XP_003886766.1,OG:OG5_128575,counts:3,3,1,1,1,4,0,0
2,35001
2,36001
2,37001
2,38001
2,39001
2,40001,locus:40657-41169,seqID:XP_003886773.1,OG:OG5_128000,counts:4,7,2,3,3,7,0,0
2,41001,locus:41524-43005,seqID:XP_003886774.1,OG:OG5_127453,counts:4,3,1,5,2,4,0,0
2,42001
2,43001,locus:43036-43572,seqID:XP_003886775.1,OG:OG5_126711,counts:2,1,1,1,1,1,0,17
2,44001
2,45001
2,46001
2,47001,locus:47529-49886,seqID:XP_003886779.1,OG:OG5_127160,counts:2,3,2,4,2,5,0,0
2,48001
2,49001
2,50001,locus:50957-52711,seqID:XP_003886782.1,OG:OG5_129339,counts:2,2,0,2,2,3,0,0
2,51001
2,52001,locus:52784-54238,seqID:XP_003886783.1,OG:OG5_127832,counts:5,8,7,4,3,8,1,0
2,53001
2,54001,locus:54418-54699,seqID:XP_003886784.1,OG:OG5_128783,counts:4,6,5,4,3,7,0,0
2,55001,locus:54923-55933,seqID:XP_003886785.1,OG:OG5_127474,counts:4,7,7,4,2,8,0,0
2,56001
2,57001
2,58001
2,59001
2,60001
2,61001,locus:61208-61951,seqID:XP_003886789.1,OG:OG5_127291,counts:0,1,0,2,1,5,0,6
2,62001
2,63001
2,64001
2,65001,locus:65265-65810,seqID:XP_003886792.1,OG:OG5_126688,counts:4,8,7,6,3,7,15,39
2,66001
2,67001
2,68001
2,69001
2,70001
2,71001
2,72001
2,73001,locus:73816-75345,seqID:XP_003886797.1,OG:OG5_126849,counts:4,7,4,4,3,7,5,18
2,74001
2,75001,locus:75407-76264,seqID:XP_003886798.1,OG:OG5_128040,counts:4,5,5,4,3,8,0,0
2,76001
2,77001
2,78001,locus:78450-80426,seqID:XP_003886800.1,OG:OG5_129080,counts:4,5,3,3,2,4,1,0
2,79001
2,80001,locus:80993-82513,seqID:XP_003886802.1,OG:OG5_127104,counts:3,2,0,3,2,4,0,0
2,81001
2,82001
2,83001,locus:83133-83753,seqID:XP_003886804.1,OG:OG5_128156,counts:4,8,6,6,3,8,0,0
2,84001,locus:84427-84812,seqID:XP_003886806.1,OG:OG5_126867,counts:4,8,7,6,3,7,13,0
2,85001,locus:84859-85545,seqID:XP_003886807.1,OG:OG5_129001,counts:1,0,0,0,0,2,0,0
2,86001,locus:86084-86635,seqID:XP_003886808.1,OG:OG5_126993,counts:4,8,7,6,3,8,15,0
2,87001,locus:86714-87181,seqID:XP_003886809.1,OG:OG5_127497,counts:4,7,5,4,3,8,12,0
2,88001
2,89001
2,90001
2,91001
2,92001,locus:92108-93376,seqID:XP_003886814.1,OG:OG5_128841,counts:4,6,4,4,2,4,0,0
2,93001
2,94001
2,95001,locus:95825-96378,seqID:XP_003886816.1,OG:OG5_127039,counts:4,8,7,6,3,8,15,0
2,96001
2,97001,locus:97237-97578,seqID:XP_003886818.1,OG:OG5_127072,counts:4,8,7,5,3,8,4,0
2,98001,locus:98002-98598,seqID:XP_003886820.1,OG:OG5_129760,counts:2,1,0,1,1,3,0,0
2,99001,locus:98657-100138,seqID:XP_003886821.1,OG:OG5_129137,counts:4,6,4,4,2,6,0,0
2,100001,locus:100197-101126,seqID:XP_003886822.1,OG:OG5_127532,counts:4,4,5,2,2,5,15,39
2,101001
2,102001
2,103001
2,104001
2,105001,locus:105245-105925,seqID:XP_003886829.1,OG:OG5_128400,counts:3,4,2,4,3,6,0,0
2,106001,locus:106246-106467,seqID:XP_003886830.1,OG:OG5_128224,counts:4,6,4,4,3,8,0,0
2,107001
2,108001
2,109001,locus:109194-109673,seqID:XP_003886833.1,OG:OG5_127180,counts:4,6,6,4,3,8,0,0
2,110001,locus:109691-110644,seqID:XP_003886834.1,OG:OG5_128238,counts:3,3,4,1,2,3,0,0
2,111001
2,112001,locus:112855-114891,seqID:XP_003886837.1,OG:OG5_127294,counts:3,5,4,3,2,7,6,2
2,113001
2,114001
2,115001,locus:115006-117072,seqID:XP_003886838.1,OG:OG5_126623,counts:5,8,6,5,3,8,0,25
2,116001
2,117001
2,118001
2,119001
2,120001
2,121001,locus:121571-126997,seqID:XP_003886841.1,OG:OG5_128386,counts:4,4,4,3,2,8,0,1
2,122001
2,123001
2,124001
2,125001
2,126001
2,127001,locus:127641-129767,seqID:XP_003886843.1,OG:OG5_127631,counts:4,4,6,3,3,6,6,0
2,128001
2,129001,locus:129806-130441,seqID:XP_003886844.1,OG:OG5_128401,counts:2,2,0,1,1,4,0,0
2,130001
2,131001,locus:131207-131806,seqID:XP_003886846.1,OG:OG5_128027,counts:4,4,3,2,2,5,0,0
2,132001
2,133001,locus:133257-135185,seqID:XP_003886849.1,OG:OG5_128638,counts:3,7,6,5,3,8,12,0
2,134001
2,135001,locus:135278-137047,seqID:XP_003886850.1,OG:OG5_127375,counts:3,4,5,3,3,7,15,17
2,136001
2,137001,locus:137105-139225,seqID:XP_003886851.1,OG:OG5_127297,counts:2,1,1,2,2,8,0,0
2,138001
2,139001
2,140001
2,141001
2,142001,locus:142108-142554,seqID:XP_003886853.1,OG:OG5_129090,counts:2,3,0,2,2,1,0,0
2,143001,locus:143575-143997,seqID:XP_003886855.1,OG:OG5_128171,counts:4,7,7,4,3,8,0,0
2,144001
2,145001,locus:145977-147986,seqID:XP_003886858.1,OG:OG5_129282,counts:3,2,1,1,2,1,0,2
2,146001
2,147001
2,148001
2,149001
2,150001
2,151001,locus:151155-152423,seqID:XP_003886862.1,OG:OG5_127838,counts:2,0,2,1,0,4,0,0
2,152001,locus:152499-153089,seqID:XP_003886863.1,OG:OG5_128531,counts:2,1,1,2,1,3,0,0
2,153001,locus:153281-154786,seqID:XP_003886864.1,OG:OG5_127154,counts:2,8,5,4,3,7,15,22
2,154001,locus:154956-156884,seqID:XP_003886865.1,OG:OG5_127877,counts:3,6,0,4,2,5,1,10
2,155001
2,156001
2,157001,locus:157126-158361,seqID:XP_003886866.1,OG:OG5_127953,counts:4,6,2,3,3,8,2,24
2,158001,locus:158395-159831,seqID:XP_003886867.1,OG:OG5_129162,counts:4,3,1,3,3,5,0,0
2,159001
2,160001,locus:160119-161345,seqID:XP_003886868.1,OG:OG5_128052,counts:2,2,1,2,3,6,0,0
2,161001,locus:161474-162763,seqID:XP_003886869.1,OG:OG5_127353,counts:4,8,7,5,3,8,0,0
2,162001
2,163001,locus:163473-164279,seqID:XP_003886871.1,OG:OG5_127563,counts:4,8,7,5,3,8,8,0
2,164001,locus:164365-165999,seqID:XP_003886872.1,OG:OG5_128208,counts:2,3,0,3,2,5,0,0
2,165001
2,166001,locus:166048-166974,seqID:XP_003886873.1,OG:OG5_129224,counts:3,1,0,0,2,1,0,0
2,167001,locus:167051-169195,seqID:XP_003886874.1,OG:OG5_128033,counts:3,0,0,2,1,3,0,0
2,168001
2,169001
2,170001,locus:170667-173261,seqID:XP_003886877.1,OG:OG5_126799,counts:3,2,1,3,2,3,1,31
2,171001
2,172001
2,173001,locus:173595-173900,seqID:XP_003886878.1,OG:OG5_126881,counts:1,1,0,2,0,3,0,0
2,174001
2,175001,locus:175125-176399,seqID:XP_003886880.1,OG:OG5_127716,counts:3,1,0,0,2,2,0,0
2,176001
2,177001
2,178001
2,179001
3,1
3,1001
3,2001
3,3001
3,4001,locus:4986-5867,seqID:XP_003886883.1,OG:OG5_127495,counts:4,6,3,4,3,6,0,0
3,5001
3,6001
3,7001
3,8001,locus:8349-8819,seqID:XP_003886886.1,OG:OG5_129545,counts:2,3,3,2,2,4,0,0
3,9001
3,10001,locus:10011-10832,seqID:XP_003886888.1,OG:OG5_126665,counts:2,0,1,1,1,3,0,4
3,11001,locus:11775-13397,seqID:XP_003886890.1,OG:OG5_127998,counts:5,7,7,5,3,8,1,0
3,12001
3,13001,locus:13556-13888,seqID:XP_003886891.1,OG:OG5_126907,counts:4,8,6,6,3,7,10,0
3,14001,locus:14075-15832,seqID:XP_003886892.1,OG:OG5_134712,counts:2,0,0,0,0,1,0,12
3,15001
3,16001
3,17001,locus:17564-19852,seqID:XP_003886895.1,OG:OG5_127608,counts:4,6,3,5,3,5,0,0
3,18001
3,19001,locus:19975-21453,seqID:XP_003886896.1,OG:OG5_128034,counts:4,8,6,3,3,2,0,3
3,20001
3,21001,locus:21716-26389,seqID:XP_003886897.1,OG:OG5_126637,counts:3,7,6,4,3,7,14,14
3,22001
3,23001
3,24001
3,25001
3,26001,locus:26612-27070,seqID:XP_003886898.1,OG:OG5_127430,counts:4,8,4,4,3,7,0,0
3,27001,locus:27204-27491,seqID:XP_003886899.1,OG:OG5_127904,counts:4,7,5,5,3,8,2,0
3,28001,locus:28057-28548,seqID:XP_003886901.1,OG:OG5_127128,counts:4,8,7,6,3,7,2,0
3,29001,locus:29929-31545,seqID:XP_003886903.1,OG:OG5_127613,counts:4,7,4,3,3,7,4,19
3,30001
3,31001
3,32001,locus:32392-32655,seqID:XP_003886905.1,OG:OG5_128255,counts:3,4,2,4,3,8,0,0
3,33001,locus:33561-33824,seqID:XP_003886907.1,OG:OG5_129239,counts:4,4,1,3,2,5,0,0
3,34001,locus:34165-35940,seqID:XP_003886908.1,OG:OG5_126574,counts:4,7,5,5,3,8,3,9
3,35001
3,36001
3,37001
3,38001
3,39001
3,40001,locus:40466-41650,seqID:XP_003886912.1,OG:OG5_127223,counts:3,5,1,2,3,6,0,0
3,41001,locus:41785-44925,seqID:XP_003886913.1,OG:OG5_127929,counts:3,3,3,3,2,7,0,0
3,42001
3,43001
3,44001,locus:44976-45284,seqID:XP_003886914.1,OG:OG5_131402,counts:3,3,3,1,2,3,0,0
3,45001
3,46001,locus:46510-47064,seqID:XP_003886916.1,OG:OG5_130091,counts:5,5,7,4,3,8,0,0
3,47001,locus:47118-47660,seqID:XP_003886917.1,OG:OG5_128022,counts:4,6,4,4,3,8,0,0
3,48001,locus:48124-49179,seqID:XP_003886919.1,OG:OG5_127946,counts:4,7,5,4,3,8,0,0
3,49001
3,50001
3,51001
3,52001
3,53001,locus:53129-55177,seqID:XP_003886921.1,OG:OG5_126588,counts:4,8,6,5,3,8,0,0
3,54001
3,55001,locus:55267-55797,seqID:XP_003886922.1,OG:OG5_127692,counts:4,7,6,4,3,8,0,0
3,56001,locus:55875-58025,seqID:XP_003886923.1,OG:OG5_127538,counts:1,1,1,1,2,4,0,0
3,57001
3,58001
3,59001
3,60001,locus:60665-61675,seqID:XP_003886925.1,OG:OG5_128205,counts:4,4,2,2,2,5,0,0
3,61001
3,62001,locus:62674-65475,seqID:XP_003886927.1,OG:OG5_127773,counts:2,5,5,4,3,6,0,0
3,63001
3,64001
3,65001,locus:65572-66168,seqID:XP_003886928.1,OG:OG5_127686,counts:4,5,3,4,3,8,0,0
3,66001
3,67001
3,68001
3,69001
3,70001,locus:70575-70985,seqID:XP_003886934.1,OG:OG5_126681,counts:5,8,7,6,3,7,15,39
3,71001,locus:71090-72817,seqID:XP_003886935.1,OG:OG5_127550,counts:3,5,2,2,3,4,0,0
3,72001,locus:72873-73592,seqID:XP_003886936.1,OG:OG5_126908,counts:4,4,5,4,3,5,15,37
3,73001,locus:73629-76307,seqID:XP_003886937.1,OG:OG5_126758,counts:2,3,2,1,2,4,2,31
3,74001
3,75001
3,76001,locus:76957-79464,seqID:XP_003886939.1,OG:OG5_127058,counts:1,0,0,0,1,1,1,29
3,77001
3,78001
3,79001
3,80001,locus:80345-81169,seqID:XP_003886942.1,OG:OG5_129225,counts:4,5,2,5,3,8,0,0
3,81001,locus:81787-82260,seqID:XP_003886944.1,OG:OG5_126974,counts:4,5,5,4,3,8,0,0
3,82001
3,83001
3,84001
3,85001
3,86001
3,87001,locus:87151-87441,seqID:XP_003886948.1,OG:OG5_128383,counts:4,4,4,2,3,3,2,0
3,88001,locus:88030-89349,seqID:XP_003886950.1,OG:OG5_126611,counts:5,8,8,6,3,8,0,0
3,89001
3,90001,locus:90131-90394,seqID:XP_003886952.1,OG:OG5_127840,counts:4,6,6,5,3,8,0,0
3,91001
3,92001
3,93001
3,94001
3,95001,locus:95425-96990,seqID:XP_003886958.1,OG:OG5_127856,counts:4,5,2,3,3,8,0,0
3,96001
3,97001,locus:97156-98070,seqID:XP_003886959.1,OG:OG5_126780,counts:3,7,6,5,3,8,0,0
3,98001,locus:98498-101467,seqID:XP_003886961.1,OG:OG5_127070,counts:4,8,5,6,3,8,1,0
3,99001
3,100001
3,101001
3,102001,locus:102309-103028,seqID:XP_003886963.1,OG:OG5_126953,counts:4,8,6,6,3,7,15,0
3,103001
3,104001
3,105001
3,106001,locus:106390-108087,seqID:XP_003886966.1,OG:OG5_128024,counts:4,6,4,3,2,8,2,6
3,107001
3,108001
3,109001
3,110001
3,111001,locus:111924-112700,seqID:XP_003886969.1,OG:OG5_126706,counts:4,8,7,5,3,8,0,0
3,112001
3,113001,locus:113869-114912,seqID:XP_003886971.1,OG:OG5_126808,counts:0,0,0,1,0,3,8,0
3,114001,locus:114938-115420,seqID:XP_003886972.1,OG:OG5_129948,counts:5,4,2,5,3,7,0,0
3,115001,locus:115459-116148,seqID:XP_003886973.1,OG:OG5_130179,counts:2,2,0,0,1,0,0,0
3,116001
3,117001,locus:117112-117582,seqID:XP_003886975.1,OG:OG5_129497,counts:3,2,0,1,2,1,0,0
3,118001,locus:117654-118691,seqID:XP_003886976.1,OG:OG5_127472,counts:4,5,5,3,3,7,15,0
3,119001,locus:119746-121881,seqID:XP_003886978.1,OG:OG5_127682,counts:1,3,1,2,3,5,0,0
3,120001
3,121001
3,122001
3,123001
3,124001,locus:124771-125289,seqID:XP_003886984.1,OG:OG5_132402,counts:1,1,3,4,2,3,0,4
3,125001
3,126001
3,127001
3,128001
3,129001
3,130001,locus:130177-130713,seqID:XP_003886988.1,OG:OG5_126593,counts:4,8,7,5,3,8,12,37
3,131001,locus:131323-132474,seqID:XP_003886990.1,OG:OG5_126874,counts:5,8,7,6,3,8,15,0
3,132001
3,133001,locus:133625-134569,seqID:XP_003886992.1,OG:OG5_127415,counts:4,4,6,4,3,5,13,13
3,134001
3,135001
3,136001,locus:136293-136955,seqID:XP_003886995.1,OG:OG5_133121,counts:2,1,0,1,0,2,0,35
3,137001
3,138001
3,139001
3,140001
3,141001
3,142001,locus:142452-143699,seqID:XP_003887001.1,OG:OG5_128056,counts:5,7,6,5,3,8,0,0
3,143001
3,144001
3,145001
3,146001,locus:146372-147439,seqID:XP_003887003.1,OG:OG5_127597,counts:4,7,6,4,2,8,0,0
3,147001,locus:147525-148433,seqID:XP_003887004.1,OG:OG5_127677,counts:4,6,5,5,3,8,0,7
3,148001,locus:148471-149718,seqID:XP_003887005.1,OG:OG5_126742,counts:4,7,7,4,3,8,4,20
3,149001,locus:149804-150847,seqID:XP_003887006.1,OG:OG5_127513,counts:4,6,5,4,3,8,14,0
3,150001,locus:150958-151758,seqID:XP_003887007.1,OG:OG5_127151,counts:2,2,1,0,0,2,8,11
3,151001
3,152001
3,153001
3,154001,locus:154238-156274,seqID:XP_003887010.1,OG:OG5_127665,counts:4,6,5,4,3,8,0,0
3,155001
3,156001
3,157001
3,158001
3,159001
3,160001
3,161001,locus:161763-162197,seqID:XP_003887015.1,OG:OG5_126569,counts:4,7,5,5,3,7,0,0
3,162001
3,163001,locus:163254-163856,seqID:XP_003887018.1,OG:OG5_127236,counts:4,8,7,6,3,7,5,0
3,164001,locus:163880-164230,seqID:XP_003887019.1,OG:OG5_126883,counts:2,0,1,0,2,2,0,0
3,165001
3,166001
3,167001
3,168001
3,169001
3,170001
3,171001,locus:171068-172057,seqID:XP_003887024.1,OG:OG5_139563,counts:0,0,0,0,0,4,0,0
3,172001
3,173001
3,174001
3,175001
3,176001,locus:176489-176941,seqID:XP_003887030.1,OG:OG5_128501,counts:3,1,0,2,3,7,0,0
3,177001
3,178001,locus:178172-179281,seqID:XP_003887032.1,OG:OG5_127835,counts:2,0,0,0,1,2,0,0
3,179001
3,180001
3,181001
3,182001
4,1
4,1001,locus:1904-3913,seqID:XP_003887037.1,OG:OG5_132913,counts:0,0,0,1,2,0,9,13
4,2001
4,3001
4,4001
4,5001
4,6001,locus:6079-6279,seqID:XP_003887039.1,OG:OG5_127205,counts:4,8,6,5,3,7,13,0
4,7001,locus:7109-7678,seqID:XP_003887041.1,OG:OG5_127064,counts:5,7,7,6,3,7,15,0
4,8001
4,9001,locus:9430-10407,seqID:XP_003887044.1,OG:OG5_127747,counts:2,0,0,2,1,3,0,0
4,10001,locus:10496-11257,seqID:XP_003887045.1,OG:OG5_127402,counts:2,1,0,2,1,3,0,0
4,11001
4,12001,locus:12114-12875,seqID:XP_003887047.1,OG:OG5_126813,counts:4,3,2,5,3,8,0,0
4,13001
4,14001,locus:14609-15634,seqID:XP_003887049.1,OG:OG5_127420,counts:2,4,0,1,2,4,0,0
4,15001
4,16001
4,17001,locus:17168-18991,seqID:XP_003887051.1,OG:OG5_126599,counts:3,8,4,4,3,8,0,16
4,18001
4,19001
4,20001,locus:20700-21722,seqID:XP_003887054.1,OG:OG5_127799,counts:4,5,4,3,3,8,0,0
4,21001
4,22001
4,23001,locus:23051-25438,seqID:XP_003887057.1,OG:OG5_127950,counts:4,7,6,4,3,6,0,0
4,24001
4,25001
4,26001
4,27001,locus:27559-27939,seqID:XP_003887059.1,OG:OG5_127262,counts:4,8,7,5,3,7,0,0
4,28001,locus:28443-31877,seqID:XP_003887061.1,OG:OG5_127113,counts:3,6,4,3,2,7,6,36
4,29001
4,30001
4,31001
4,32001
4,33001,locus:33874-35052,seqID:XP_003887064.1,OG:OG5_129910,counts:4,0,0,0,0,2,7,0
4,34001
4,35001
4,36001
4,37001
4,38001,locus:38940-39722,seqID:XP_003887067.1,OG:OG5_127933,counts:4,8,6,5,3,8,0,0
4,39001
4,40001
4,41001
4,42001,locus:42913-43671,seqID:XP_003887070.1,OG:OG5_127014,counts:5,8,7,6,3,7,15,0
4,43001
4,44001,locus:44008-44841,seqID:XP_003887071.1,OG:OG5_130626,counts:0,1,1,2,1,3,0,0
4,45001,locus:45779-47446,seqID:XP_003887073.1,OG:OG5_134712,counts:2,0,0,0,0,1,0,12
4,46001
4,47001,locus:47644-48011,seqID:XP_003887074.1,OG:OG5_130573,counts:5,1,3,3,3,7,1,0
4,48001,locus:48126-50360,seqID:XP_003887075.1,OG:OG5_127640,counts:3,4,3,2,2,6,0,0
4,49001
4,50001,locus:50900-51736,seqID:XP_003887077.1,OG:OG5_127855,counts:4,7,6,4,3,8,1,0
4,51001
4,52001
4,53001,locus:53148-54107,seqID:XP_003887079.1,OG:OG5_127044,counts:3,6,3,5,2,7,0,0
4,54001
4,55001,locus:55078-56610,seqID:XP_003887081.1,OG:OG5_126972,counts:4,6,5,5,3,8,6,38
4,56001,locus:56819-58582,seqID:XP_003887082.1,OG:OG5_127189,counts:4,6,2,3,3,8,0,10
4,57001
4,58001
4,59001,locus:59566-60663,seqID:XP_003887084.1,OG:OG5_127369,counts:3,3,4,4,2,6,15,0
4,60001,locus:60760-61278,seqID:XP_003887085.1,OG:OG5_127012,counts:4,6,6,5,3,7,0,0
4,61001,locus:61456-61926,seqID:XP_003887086.1,OG:OG5_126986,counts:5,8,7,6,3,8,15,0
4,62001,locus:62015-62365,seqID:XP_003887087.1,OG:OG5_135415,counts:2,1,0,0,0,0,0,0
4,63001
4,64001,locus:64251-64958,seqID:XP_003887090.1,OG:OG5_126971,counts:4,6,6,6,3,8,0,0
4,65001
4,66001
4,67001
4,68001
4,69001
4,70001
4,71001
4,72001,locus:72185-73090,seqID:XP_003887092.1,OG:OG5_127141,counts:4,7,6,3,3,8,2,0
4,73001
4,74001,locus:74679-75152,seqID:XP_003887094.1,OG:OG5_127155,counts:4,6,3,3,3,8,15,0
4,75001,locus:75900-76484,seqID:XP_003887096.1,OG:OG5_127501,counts:4,6,2,2,3,4,0,21
4,76001,locus:76554-76892,seqID:XP_003887097.1,OG:OG5_127156,counts:4,7,6,4,3,7,0,0
4,77001,locus:76956-78245,seqID:XP_003887098.1,OG:OG5_126677,counts:5,7,7,5,3,8,13,39
4,78001,locus:78301-84264,seqID:XP_003887099.1,OG:OG5_127578,counts:2,2,0,0,2,1,0,0
4,79001
4,80001
4,81001
4,82001
4,83001
4,84001
4,85001,locus:85469-86194,seqID:XP_003887101.1,OG:OG5_127488,counts:4,7,7,6,3,8,15,0
4,86001,locus:86278-86523,seqID:XP_003887102.1,OG:OG5_128064,counts:4,6,5,2,3,8,4,0
4,87001,locus:87259-87813,seqID:XP_003887104.1,OG:OG5_127392,counts:3,2,0,0,1,3,0,0
4,88001,locus:87873-89114,seqID:XP_003887105.1,OG:OG5_127592,counts:4,8,7,5,3,8,14,0
4,89001,locus:89163-90002,seqID:XP_003887106.1,OG:OG5_129544,counts:4,4,1,1,3,4,0,0
4,90001,locus:90086-91504,seqID:XP_003887107.1,OG:OG5_128527,counts:3,2,0,1,2,2,0,0
4,91001,locus:91549-93903,seqID:XP_003887108.1,OG:OG5_127764,counts:4,5,5,3,3,5,9,0
4,92001
4,93001
4,94001
4,95001
4,96001,locus:96957-97517,seqID:XP_003887111.1,OG:OG5_139200,counts:1,0,1,0,2,3,0,0
4,97001,locus:97518-98555,seqID:XP_003887112.1,OG:OG5_128260,counts:2,1,1,1,2,2,1,0
4,98001,locus:98587-100260,seqID:XP_003887113.1,OG:OG5_127490,counts:4,7,6,5,3,8,15,2
4,99001
4,100001
4,101001
4,102001
4,103001
4,104001,locus:104710-108189,seqID:XP_003887116.1,OG:OG5_127449,counts:2,1,0,1,3,3,0,0
4,105001
4,106001
4,107001
4,108001,locus:108867-109178,seqID:XP_003887118.1,OG:OG5_130003,counts:4,3,1,2,3,3,0,0
4,109001
4,110001,locus:110211-111611,seqID:XP_003887121.1,OG:OG5_126863,counts:4,7,6,5,3,8,14,37
4,111001
4,112001,locus:112450-117486,seqID:XP_003887123.1,OG:OG5_126577,counts:4,7,4,4,2,8,2,7
4,113001
4,114001
4,115001
4,116001
4,117001
4,118001,locus:118261-118518,seqID:XP_003887125.1,OG:OG5_127008,counts:4,8,7,4,3,8,15,0
4,119001
4,120001
4,121001
4,122001,locus:122546-123238,seqID:XP_003887130.1,OG:OG5_127079,counts:3,2,1,2,1,6,2,30
4,123001,locus:123294-125465,seqID:XP_003887131.1,OG:OG5_126736,counts:4,4,6,4,3,8,15,39
4,124001
4,125001,locus:125993-127018,seqID:XP_003887133.1,OG:OG5_126595,counts:5,7,6,5,3,6,0,1
4,126001
4,127001,locus:127116-128531,seqID:XP_003887134.1,OG:OG5_126631,counts:5,8,8,6,3,8,15,3
4,128001,locus:128588-129487,seqID:XP_003887135.1,OG:OG5_127274,counts:3,0,0,3,3,2,14,3
4,129001
4,130001,locus:130194-131162,seqID:XP_003887137.1,OG:OG5_132166,counts:1,1,0,1,1,2,0,0
4,131001,locus:131243-134032,seqID:XP_003887138.1,OG:OG5_126723,counts:2,4,2,3,2,5,14,33
4,132001
4,133001
4,134001
4,135001,locus:135838-136197,seqID:XP_003887141.1,OG:OG5_127127,counts:4,6,7,5,3,8,15,0
4,136001,locus:136263-136841,seqID:XP_003887142.1,OG:OG5_126970,counts:4,6,5,4,3,8,14,39
4,137001,locus:137034-138248,seqID:XP_003887143.1,OG:OG5_128742,counts:3,1,1,3,2,7,0,0
4,138001,locus:138356-139408,seqID:XP_003887144.1,OG:OG5_127069,counts:4,4,2,3,3,5,0,1
4,139001
4,140001
4,141001
4,142001,locus:142098-142673,seqID:XP_003887146.1,OG:OG5_126920,counts:4,4,3,3,3,8,12,35
4,143001,locus:143812-144537,seqID:XP_003887148.1,OG:OG5_127909,counts:4,7,5,4,3,8,0,0
4,144001,locus:144664-145779,seqID:XP_003887149.1,OG:OG5_126765,counts:4,7,3,3,3,5,0,0
4,145001
4,146001
4,147001
4,148001,locus:148445-149290,seqID:XP_003887152.1,OG:OG5_130707,counts:4,5,1,2,3,2,0,3
4,149001,locus:149316-151925,seqID:XP_003887153.1,OG:OG5_128384,counts:3,5,2,3,3,7,0,4
4,150001
4,151001
4,152001
4,153001,locus:153082-153501,seqID:XP_003887155.1,OG:OG5_126837,counts:3,1,2,1,2,2,0,0
4,154001
4,155001
4,156001
4,157001,locus:157514-157852,seqID:XP_003887162.1,OG:OG5_128186,counts:3,2,2,3,3,6,11,26
4,158001,locus:158973-159569,seqID:XP_003887164.1,OG:OG5_126957,counts:4,8,7,6,3,8,15,0
4,159001,locus:159618-159938,seqID:XP_003887165.1,OG:OG5_130230,counts:2,3,0,2,2,2,0,0
4,160001,locus:159983-164173,seqID:XP_003887166.1,OG:OG5_127924,counts:1,0,0,1,2,3,0,0
4,161001
4,162001
4,163001
4,164001
4,165001
4,166001
4,167001
4,168001,locus:168108-169118,seqID:XP_003887169.1,OG:OG5_128648,counts:4,3,1,3,3,3,0,0
4,169001,locus:169528-170124,seqID:XP_003887170.1,OG:OG5_126912,counts:4,7,7,5,3,8,15,0
4,170001
4,171001
4,172001,locus:172748-173992,seqID:XP_003887173.1,OG:OG5_133658,counts:1,0,0,0,1,0,0,1
4,173001
4,174001
4,175001
4,176001,locus:176730-177809,seqID:XP_003887176.1,OG:OG5_129083,counts:4,2,2,3,1,8,0,1
4,177001
4,178001
4,179001,locus:179613-180605,seqID:XP_003887179.1,OG:OG5_127637,counts:3,4,3,2,2,0,0,0
4,180001
4,181001
4,182001,locus:182132-182776,seqID:XP_003887182.1,OG:OG5_129894,counts:4,8,7,4,3,7,1,1
4,183001,locus:183272-184156,seqID:XP_003887184.1,OG:OG5_128201,counts:4,4,3,3,3,6,0,0
4,184001
4,185001
4,186001,locus:186660-188495,seqID:XP_003887187.1,OG:OG5_147087,counts:2,0,0,0,0,2,0,0
4,187001
4,188001
4,189001
4,190001
4,191001,locus:191024-191782,seqID:XP_003887191.1,OG:OG5_127563,counts:4,8,7,5,3,8,8,0
4,192001
4,193001
4,194001
4,195001
4,196001
5,1
5,1001
5,2001
5,3001
5,4001
5,5001,locus:5998-6735,seqID:XP_003887198.1,OG:OG5_135037,counts:3,3,0,2,1,4,0,0
5,6001
5,7001,locus:7038-8558,seqID:XP_003887199.1,OG:OG5_126889,counts:3,3,1,3,1,4,4,15
5,8001,locus:8515-10674,seqID:XP_003887200.1,OG:OG5_128803,counts:2,3,0,2,3,7,9,37
5,9001
5,10001,locus:10904-11572,seqID:XP_003887201.1,OG:OG5_127507,counts:4,4,2,4,3,7,5,31
5,11001
5,12001,locus:12750-15182,seqID:XP_003887203.1,OG:OG5_128868,counts:2,0,0,1,0,1,0,0
5,13001
5,14001
5,15001,locus:15276-17990,seqID:XP_003887204.1,OG:OG5_128271,counts:3,3,1,3,2,5,0,33
5,16001
5,17001
5,18001
5,19001
5,20001
5,21001,locus:21014-21679,seqID:XP_003887206.1,OG:OG5_127331,counts:4,8,6,5,3,8,0,0
5,22001
5,23001
5,24001
5,25001
5,26001
5,27001
5,28001
5,29001
5,30001
5,31001,locus:31581-33764,seqID:XP_003887214.1,OG:OG5_128106,counts:4,3,0,2,1,4,0,0
5,32001
5,33001
5,34001
5,35001
5,36001
5,37001
5,38001,locus:38520-40049,seqID:XP_003887219.1,OG:OG5_128819,counts:2,0,1,2,1,2,0,0
5,39001
5,40001,locus:40121-40876,seqID:XP_003887220.1,OG:OG5_126852,counts:4,8,7,6,3,8,15,0
5,41001,locus:41892-42929,seqID:XP_003887222.1,OG:OG5_126704,counts:3,5,4,5,3,8,4,38
5,42001
5,43001,locus:43062-43352,seqID:XP_003887223.1,OG:OG5_127688,counts:4,6,5,5,3,7,8,0
5,44001,locus:44656-46350,seqID:XP_003887226.1,OG:OG5_127201,counts:1,1,0,1,2,5,3,34
5,45001
5,46001,locus:46430-48328,seqID:XP_003887227.1,OG:OG5_126680,counts:4,6,3,4,3,8,9,29
5,47001
5,48001,locus:48392-49558,seqID:XP_003887228.1,OG:OG5_126776,counts:4,7,7,5,3,8,13,39
5,49001
5,50001,locus:50816-51415,seqID:XP_003887230.1,OG:OG5_128681,counts:2,2,0,0,0,1,0,0
5,51001,locus:51494-52696,seqID:XP_003887231.1,OG:OG5_127525,counts:4,5,3,4,2,6,0,0
5,52001,locus:52777-53937,seqID:XP_003887232.1,OG:OG5_127250,counts:4,7,6,5,3,8,15,3
5,53001
5,54001
5,55001
5,56001
5,57001,locus:57346-59001,seqID:XP_003887236.1,OG:OG5_130234,counts:5,6,7,4,3,5,0,2
5,58001
5,59001,locus:59729-60817,seqID:XP_003887238.1,OG:OG5_127528,counts:4,6,6,5,3,7,14,4
5,60001
5,61001
5,62001
5,63001
5,64001
5,65001
5,66001,locus:66053-66706,seqID:XP_003887243.1,OG:OG5_128092,counts:3,2,0,1,3,4,0,0
5,67001
5,68001
5,69001
5,70001
5,71001,locus:71857-72132,seqID:XP_003887248.1,OG:OG5_126859,counts:4,4,0,1,1,6,0,0
5,72001,locus:72267-73454,seqID:XP_003887249.1,OG:OG5_127701,counts:3,2,1,2,2,5,0,0
5,73001
5,74001,locus:74336-75058,seqID:XP_003887251.1,OG:OG5_128786,counts:2,1,0,0,1,0,0,0
5,75001
5,76001
5,77001
5,78001
5,79001
5,80001
5,81001
5,82001
5,83001
5,84001
5,85001
5,86001
5,87001,locus:87075-87614,seqID:XP_003887255.1,OG:OG5_127679,counts:4,7,6,4,3,8,3,0
5,88001,locus:87649-88332,seqID:XP_003887256.1,OG:OG5_128982,counts:3,2,1,2,1,8,0,0
5,89001
5,90001,locus:90795-91451,seqID:XP_003887259.1,OG:OG5_127065,counts:2,3,5,4,2,7,5,35
5,91001
5,92001,locus:92592-93659,seqID:XP_003887261.1,OG:OG5_129148,counts:4,3,2,4,3,4,0,0
5,93001,locus:93846-95924,seqID:XP_003887262.1,OG:OG5_127736,counts:4,6,5,5,2,7,0,1
5,94001
5,95001
5,96001,locus:96355-97878,seqID:XP_003887264.1,OG:OG5_126980,counts:4,5,5,4,3,8,4,34
5,97001
5,98001,locus:98752-99434,seqID:XP_003887266.1,OG:OG5_126964,counts:5,7,6,6,3,8,15,0
5,99001,locus:99449-100426,seqID:XP_003887267.1,OG:OG5_126865,counts:4,5,6,5,3,8,1,39
5,100001,locus:100508-101707,seqID:XP_003887268.1,OG:OG5_129139,counts:2,2,0,2,2,5,0,0
5,101001
5,102001
5,103001
5,104001
5,105001,locus:105618-107045,seqID:XP_003887272.1,OG:OG5_127265,counts:4,6,6,5,3,8,0,3
5,106001
5,107001
5,108001,locus:108474-109310,seqID:XP_003887275.1,OG:OG5_127954,counts:2,1,0,2,1,5,0,0
5,109001,locus:109613-111736,seqID:XP_003887277.1,OG:OG5_127960,counts:3,5,1,1,3,6,0,0
5,110001
5,111001
5,112001,locus:112981-114567,seqID:XP_003887279.1,OG:OG5_127411,counts:4,8,4,4,3,8,12,0
5,113001
5,114001,locus:114652-115755,seqID:XP_003887280.1,OG:OG5_126981,counts:4,8,5,4,3,3,0,0
5,115001
5,116001
5,117001,locus:117271-117645,seqID:XP_003887283.1,OG:OG5_129323,counts:4,5,0,0,1,0,0,0
5,118001,locus:118690-120048,seqID:XP_003887285.1,OG:OG5_127175,counts:4,4,5,4,3,7,5,30
5,119001
5,120001
5,121001
5,122001,locus:122005-122223,seqID:XP_003887288.1,OG:OG5_127987,counts:4,7,5,5,3,8,0,0
5,123001,locus:123011-123493,seqID:XP_003887290.1,OG:OG5_126766,counts:4,8,7,6,3,8,15,0
5,124001,locus:124491-125249,seqID:XP_003887293.1,OG:OG5_130017,counts:5,7,6,4,3,8,0,0
5,125001,locus:125364-129371,seqID:XP_003887294.1,OG:OG5_130134,counts:3,4,2,3,3,6,0,3
5,126001
5,127001
5,128001
5,129001,locus:129443-130189,seqID:XP_003887295.1,OG:OG5_128094,counts:4,5,6,5,3,7,0,0
5,130001
5,131001,locus:131073-132146,seqID:XP_003887297.1,OG:OG5_127303,counts:4,6,6,6,3,8,4,25
5,132001,locus:132200-132610,seqID:XP_003887298.1,OG:OG5_135124,counts:1,1,0,2,0,4,0,2
5,133001,locus:132705-135521,seqID:XP_003887299.1,OG:OG5_128177,counts:3,4,5,3,2,8,0,2
5,134001
5,135001,locus:135617-136246,seqID:XP_003887300.1,OG:OG5_129025,counts:4,7,5,5,3,3,0,0
5,136001
5,137001,locus:137421-138494,seqID:XP_003887302.1,OG:OG5_126700,counts:4,7,6,4,3,8,15,39
5,138001,locus:138574-139377,seqID:XP_003887303.1,OG:OG5_127352,counts:4,7,7,5,3,8,15,0
5,139001
5,140001
5,141001
5,142001,locus:142118-143278,seqID:XP_003887307.1,OG:OG5_127476,counts:3,4,4,3,2,6,13,5
5,143001,locus:143599-144762,seqID:XP_003887308.1,OG:OG5_127889,counts:4,8,3,3,3,8,0,0
5,144001
5,145001
5,146001
5,147001
5,148001,locus:148628-150298,seqID:XP_003887311.1,OG:OG5_128468,counts:4,5,5,4,3,7,8,13
5,149001
5,150001,locus:150349-151362,seqID:XP_003887312.1,OG:OG5_127567,counts:4,7,6,5,3,8,15,0
5,151001,locus:151419-152540,seqID:XP_003887313.1,OG:OG5_127602,counts:4,5,6,3,3,8,10,3
5,152001
5,153001
5,154001
5,155001
5,156001
5,157001,locus:157204-157671,seqID:XP_003887316.1,OG:OG5_127963,counts:4,2,1,1,1,4,0,0
5,158001
5,159001,locus:159090-160061,seqID:XP_003887318.1,OG:OG5_130972,counts:1,2,4,2,3,4,0,8
5,160001,locus:160149-160736,seqID:XP_003887319.1,OG:OG5_130426,counts:2,1,0,1,3,1,0,0
5,161001,locus:161146-162813,seqID:XP_003887320.1,OG:OG5_126934,counts:4,6,4,3,3,7,1,36
5,162001
5,163001,locus:163632-164831,seqID:XP_003887322.1,OG:OG5_127945,counts:4,2,3,4,2,4,0,0
5,164001,locus:164870-165586,seqID:XP_003887323.1,OG:OG5_126868,counts:3,6,3,6,3,7,0,0
5,165001,locus:165687-166109,seqID:XP_003887324.1,OG:OG5_128043,counts:4,6,4,4,3,8,0,0
5,166001,locus:166237-167940,seqID:XP_003887325.1,OG:OG5_127021,counts:4,5,1,2,3,3,2,25
5,167001
5,168001
5,169001,locus:169251-170435,seqID:XP_003887327.1,OG:OG5_127441,counts:4,6,2,5,3,8,0,0
5,170001
5,171001
5,172001
5,173001,locus:173051-174757,seqID:XP_003887330.1,OG:OG5_127969,counts:3,2,2,0,2,2,0,0
5,174001
5,175001
5,176001
5,177001
5,178001,locus:178289-178612,seqID:XP_003887333.1,OG:OG5_128760,counts:4,3,3,3,3,6,0,0
5,179001,locus:179986-180684,seqID:XP_003887336.1,OG:OG5_127623,counts:4,7,7,4,3,8,0,0
5,180001,locus:180839-181345,seqID:XP_003887337.1,OG:OG5_133263,counts:2,0,0,0,2,2,0,0
5,181001
5,182001,locus:182793-184001,seqID:XP_003887339.1,OG:OG5_127953,counts:4,6,2,3,3,8,2,24
5,183001
5,184001,locus:184042-184632,seqID:XP_003887340.1,OG:OG5_127633,counts:4,7,4,4,3,7,0,0
5,185001
5,186001,locus:186013-186711,seqID:XP_003887342.1,OG:OG5_127593,counts:4,6,7,6,3,8,5,0
5,187001
5,188001
5,189001
5,190001,locus:190922-192106,seqID:XP_003887348.1,OG:OG5_127920,counts:3,6,0,2,2,3,0,0
5,191001
5,192001
5,193001,locus:193472-193798,seqID:XP_003887351.1,OG:OG5_127005,counts:5,8,7,6,3,7,12,0
5,194001,locus:194182-195480,seqID:XP_003887352.1,OG:OG5_127796,counts:4,7,4,4,3,8,0,0
5,195001,locus:195586-196548,seqID:XP_003887353.1,OG:OG5_126901,counts:4,7,7,3,3,8,0,0
5,196001,locus:196647-197519,seqID:XP_003887354.1,OG:OG5_129049,counts:2,1,1,3,1,3,0,8
5,197001,locus:197607-199316,seqID:XP_003887355.1,OG:OG5_127465,counts:1,0,0,0,0,2,14,0
5,198001
5,199001,locus:199338-200468,seqID:XP_003887356.1,OG:OG5_128135,counts:4,8,3,4,3,8,0,0
5,200001
5,201001
6,1
6,1001
6,2001
6,3001
6,4001,locus:4781-6649,seqID:XP_003887359.1,OG:OG5_126720,counts:4,8,6,3,3,8,7,33
6,5001
6,6001,locus:6707-7963,seqID:XP_003887360.1,OG:OG5_131611,counts:3,4,4,4,3,3,0,0
6,7001
6,8001
6,9001
6,10001
6,11001
6,12001
6,13001
6,14001
6,15001
6,16001,locus:16780-17301,seqID:XP_003887366.1,OG:OG5_127898,counts:4,7,7,4,3,8,0,1
6,17001,locus:17398-19626,seqID:XP_003887367.1,OG:OG5_127585,counts:4,4,2,3,3,8,9,8
6,18001
6,19001,locus:19670-20284,seqID:XP_003887368.1,OG:OG5_127339,counts:4,7,6,5,3,8,15,0
6,20001
6,21001
6,22001
6,23001,locus:23088-23537,seqID:XP_003887370.1,OG:OG5_135545,counts:2,4,2,0,1,2,0,0
6,24001
6,25001
6,26001,locus:26847-27482,seqID:XP_003887373.1,OG:OG5_128531,counts:2,1,1,2,1,3,0,0
6,27001,locus:27508-27879,seqID:XP_003887374.1,OG:OG5_128212,counts:4,5,5,5,2,7,0,0
6,28001,locus:27941-30562,seqID:XP_003887375.1,OG:OG5_127407,counts:2,0,1,0,1,2,0,0
6,29001
6,30001
6,31001,locus:31859-33910,seqID:XP_003887377.1,OG:OG5_126574,counts:4,7,5,5,3,8,3,9
6,32001
6,33001
6,34001
6,35001,locus:35831-37000,seqID:XP_003887379.1,OG:OG5_126946,counts:3,5,6,4,3,8,11,39
6,36001
6,37001,locus:37055-37273,seqID:XP_003887380.1,OG:OG5_127691,counts:4,5,4,4,3,7,15,0
6,38001,locus:37785-39875,seqID:XP_003887382.1,OG:OG5_127979,counts:4,6,4,4,3,7,0,0
6,39001,locus:39941-40597,seqID:XP_003887383.1,OG:OG5_129561,counts:2,0,0,0,2,2,0,0
6,40001,locus:40657-41337,seqID:XP_003887384.1,OG:OG5_128774,counts:3,3,1,2,1,4,0,0
6,41001,locus:41378-43573,seqID:XP_003887385.1,OG:OG5_128050,counts:3,6,4,2,3,7,0,0
6,42001
6,43001
6,44001
6,45001,locus:45342-46013,seqID:XP_003887387.1,OG:OG5_126882,counts:4,6,5,4,3,6,13,0
6,46001
6,47001,locus:47949-50279,seqID:XP_003887390.1,OG:OG5_127790,counts:3,2,1,2,1,6,0,0
6,48001
6,49001
6,50001,locus:50323-50757,seqID:XP_003887391.1,OG:OG5_126992,counts:4,4,5,4,3,8,1,35
6,51001,locus:51267-53051,seqID:XP_003887393.1,OG:OG5_126816,counts:4,6,6,4,3,8,16,26
6,52001
6,53001
6,54001,locus:54634-55110,seqID:XP_003887395.1,OG:OG5_128097,counts:4,5,4,2,3,8,2,4
6,55001
6,56001
6,57001
6,58001,locus:58947-59855,seqID:XP_003887398.1,OG:OG5_128252,counts:4,4,6,3,3,3,6,12
6,59001,locus:59905-60231,seqID:XP_003887399.1,OG:OG5_130502,counts:2,2,0,1,1,1,0,0
6,60001,locus:60460-61992,seqID:XP_003887400.1,OG:OG5_127428,counts:5,8,6,5,3,8,0,0
6,61001
6,62001
6,63001
6,64001
6,65001,locus:65326-66492,seqID:XP_003887403.1,OG:OG5_135967,counts:2,1,1,3,3,4,0,8
6,66001
6,67001
6,68001
6,69001
6,70001
6,71001
6,72001,locus:72668-73390,seqID:XP_003887409.1,OG:OG5_127622,counts:4,7,5,4,3,8,14,0
6,73001,locus:73778-74272,seqID:XP_003887410.1,OG:OG5_127713,counts:4,5,2,3,3,7,12,1
6,74001,locus:74363-75706,seqID:XP_003887411.1,OG:OG5_126806,counts:3,7,4,2,2,8,15,39
6,75001
6,76001
6,77001
6,78001
6,79001,locus:79289-79722,seqID:XP_003887414.1,OG:OG5_126762,counts:4,5,7,3,3,6,7,39
6,80001
6,81001
6,82001
6,83001
6,84001
6,85001
6,86001,locus:86507-87238,seqID:XP_003887420.1,OG:OG5_127213,counts:4,5,5,4,3,8,0,0
6,87001,locus:87280-88254,seqID:XP_003887421.1,OG:OG5_126823,counts:4,5,3,4,3,8,2,20
6,88001
6,89001
6,90001
6,91001
6,92001
6,93001
6,94001
6,95001
6,96001
6,97001,locus:97653-99074,seqID:XP_003887426.1,OG:OG5_127227,counts:4,8,7,6,3,7,15,7
6,98001
6,99001
6,100001
6,101001
6,102001
6,103001
6,104001,locus:104720-105292,seqID:XP_003887431.1,OG:OG5_128601,counts:4,5,2,3,2,2,0,0
6,105001
6,106001
6,107001,locus:107100-108755,seqID:XP_003887434.1,OG:OG5_128413,counts:1,0,0,0,1,6,0,0
6,108001
6,109001
6,110001
6,111001,locus:111656-112544,seqID:XP_003887437.1,OG:OG5_127090,counts:5,8,7,5,3,8,14,0
6,112001,locus:112818-114974,seqID:XP_003887438.1,OG:OG5_127522,counts:3,7,5,4,3,7,0,0
6,113001
6,114001
6,115001
6,116001
6,117001
6,118001
6,119001,locus:119533-122505,seqID:XP_003887440.1,OG:OG5_126610,counts:3,6,7,6,3,8,0,0
6,120001
6,121001
6,122001,locus:122836-123981,seqID:XP_003887441.1,OG:OG5_128333,counts:4,6,3,4,2,8,4,20
6,123001
6,124001
6,125001,locus:125948-126760,seqID:XP_003887443.1,OG:OG5_126617,counts:1,0,1,0,0,0,0,0
6,126001
6,127001
6,128001
6,129001,locus:129517-131115,seqID:XP_003887446.1,OG:OG5_127343,counts:5,8,7,5,3,8,7,4
6,130001
6,131001
6,132001,locus:132018-132797,seqID:XP_003887448.1,OG:OG5_131091,counts:3,5,1,4,3,8,0,0
6,133001,locus:133856-134521,seqID:XP_003887450.1,OG:OG5_127027,counts:4,5,6,4,3,8,6,39
6,134001
6,135001,locus:135035-135340,seqID:XP_003887452.1,OG:OG5_128440,counts:3,1,0,2,1,5,0,0
6,136001,locus:136485-137031,seqID:XP_003887454.1,OG:OG5_126940,counts:4,8,7,6,3,8,15,0
6,137001,locus:137762-138700,seqID:XP_003887456.1,OG:OG5_127288,counts:2,0,0,1,3,1,15,0
6,138001,locus:138763-139227,seqID:XP_003887457.1,OG:OG5_126668,counts:4,8,7,6,3,8,15,39
6,139001,locus:139319-139603,seqID:XP_003887458.1,OG:OG5_127134,counts:4,8,7,5,3,8,0,0
6,140001
6,141001
6,142001,locus:142678-142893,seqID:XP_003887460.1,OG:OG5_128262,counts:4,5,5,4,3,8,3,0
6,143001
6,144001
6,145001
6,146001,locus:146190-147302,seqID:XP_003887465.1,OG:OG5_126949,counts:4,7,7,5,3,8,13,39
6,147001
6,148001
6,149001
6,150001
6,151001
6,152001,locus:152470-153930,seqID:XP_003887471.1,OG:OG5_127405,counts:0,0,0,0,0,0,6,0
6,153001
6,154001
6,155001
6,156001
6,157001,locus:157386-157931,seqID:XP_003887475.1,OG:OG5_126740,counts:4,8,6,5,3,8,0,0
6,158001,locus:158937-159860,seqID:XP_003887477.1,OG:OG5_129097,counts:2,1,0,0,1,2,0,0
6,159001
6,160001
6,161001
6,162001
6,163001,locus:163836-164372,seqID:XP_003887482.1,OG:OG5_126883,counts:2,0,1,0,2,2,0,0
6,164001
6,165001
6,166001,locus:166534-167064,seqID:XP_003887486.1,OG:OG5_127547,counts:3,4,3,3,3,6,8,28
6,167001,locus:167159-169105,seqID:XP_003887487.1,OG:OG5_127300,counts:1,0,0,1,0,2,12,0
6,168001
6,169001
6,170001
6,171001,locus:171061-171588,seqID:XP_003887489.1,OG:OG5_128484,counts:4,4,4,4,2,7,0,0
6,172001,locus:171720-173552,seqID:XP_003887490.1,OG:OG5_130622,counts:2,4,1,3,1,6,0,2
6,173001,locus:173834-175225,seqID:XP_003887491.1,OG:OG5_128773,counts:2,4,3,3,3,5,0,0
6,174001
6,175001,locus:175284-176558,seqID:XP_003887492.1,OG:OG5_127225,counts:4,7,4,4,3,6,0,0
6,176001,locus:176624-176980,seqID:XP_003887493.1,OG:OG5_127138,counts:4,7,7,5,3,7,3,0
6,177001,locus:177167-177979,seqID:XP_003887494.1,OG:OG5_127172,counts:4,6,3,3,3,7,0,0
6,178001,locus:178066-179535,seqID:XP_003887495.1,OG:OG5_127632,counts:4,7,3,4,3,8,0,0
6,179001
6,180001
6,181001,locus:181584-182768,seqID:XP_003887497.1,OG:OG5_126658,counts:3,2,0,0,1,3,5,21
6,182001,locus:182844-183701,seqID:XP_003887498.1,OG:OG5_128124,counts:4,4,1,2,3,2,0,0
6,183001,locus:183804-184460,seqID:XP_003887499.1,OG:OG5_129296,counts:3,3,1,2,2,4,0,26
6,184001,locus:184612-185295,seqID:XP_003887500.1,OG:OG5_127689,counts:4,1,1,1,2,4,0,0
6,185001,locus:185354-186418,seqID:XP_003887501.1,OG:OG5_127416,counts:3,1,0,0,2,4,0,0
6,186001,locus:186475-186918,seqID:XP_003887502.1,OG:OG5_126708,counts:4,8,6,5,3,8,15,36
6,187001
6,188001,locus:188684-189640,seqID:XP_003887504.1,OG:OG5_128334,counts:4,6,2,3,3,8,0,0
6,189001
6,190001
6,191001,locus:191911-192627,seqID:XP_003887506.1,OG:OG5_127279,counts:4,6,6,3,2,8,0,0
6,192001
6,193001,locus:193027-193719,seqID:XP_003887507.1,OG:OG5_141553,counts:1,0,1,0,0,0,0,0
6,194001
6,195001
6,196001
6,197001
6,198001,locus:198637-199998,seqID:XP_003887511.1,OG:OG5_126889,counts:3,3,1,3,1,4,4,15
6,199001
6,200001
7,1
7,1001
7,2001
7,3001
7,4001,locus:4749-5519,seqID:XP_003887512.1,OG:OG5_129194,counts:2,0,0,1,2,5,0,0
7,5001,locus:5590-9534,seqID:XP_003887513.1,OG:OG5_126637,counts:3,7,6,4,3,7,14,14
7,6001
7,7001
7,8001
7,9001,locus:9600-10328,seqID:XP_003887514.1,OG:OG5_128139,counts:3,3,1,2,0,4,4,20
7,10001,locus:10383-10694,seqID:XP_003887515.1,OG:OG5_126845,counts:4,8,7,6,3,8,13,0
7,11001,locus:11493-12374,seqID:XP_003887517.1,OG:OG5_127499,counts:4,4,4,4,3,8,0,0
7,12001
7,13001
7,14001
7,15001
7,16001
7,17001,locus:17441-18436,seqID:XP_003887520.1,OG:OG5_128311,counts:4,6,3,5,2,8,2,7
7,18001
7,19001
7,20001,locus:20160-21335,seqID:XP_003887523.1,OG:OG5_127828,counts:5,8,7,4,3,8,2,0
7,21001
7,22001
7,23001
7,24001
7,25001
7,26001
7,27001
7,28001
7,29001
7,30001
7,31001
7,32001
7,33001,locus:33222-34319,seqID:XP_003887533.1,OG:OG5_127163,counts:4,7,6,4,3,8,0,0
7,34001
7,35001,locus:35391-37571,seqID:XP_003887535.1,OG:OG5_130048,counts:1,1,0,1,1,2,0,0
7,36001
7,37001
7,38001
7,39001,locus:39876-40877,seqID:XP_003887538.1,OG:OG5_130752,counts:3,0,0,0,0,3,0,0
7,40001
7,41001
7,42001
7,43001,locus:43671-44489,seqID:XP_003887541.1,OG:OG5_127024,counts:4,4,6,4,3,8,2,11
7,44001
7,45001,locus:45360-46472,seqID:XP_003887543.1,OG:OG5_130511,counts:2,1,3,2,2,3,0,0
7,46001
7,47001
7,48001
7,49001
7,50001,locus:50458-51351,seqID:XP_003887546.1,OG:OG5_127431,counts:3,4,5,4,3,8,0,0
7,51001
7,52001
7,53001
7,54001,locus:54870-57560,seqID:XP_003887550.1,OG:OG5_132414,counts:1,0,0,1,0,4,0,0
7,55001
7,56001
7,57001
7,58001,locus:58095-58457,seqID:XP_003887551.1,OG:OG5_128156,counts:4,8,6,6,3,8,0,0
7,59001
7,60001,locus:60413-62092,seqID:XP_003887554.1,OG:OG5_130040,counts:5,4,5,5,3,8,10,0
7,61001
7,62001,locus:62985-64154,seqID:XP_003887556.1,OG:OG5_135967,counts:2,1,1,3,3,4,0,8
7,63001
7,64001,locus:64395-65369,seqID:XP_003887557.1,OG:OG5_126748,counts:4,6,5,4,2,6,0,0
7,65001
7,66001,locus:66764-67522,seqID:XP_003887559.1,OG:OG5_127563,counts:4,8,7,5,3,8,8,0
7,67001
7,68001
7,69001
7,70001
7,71001
7,72001,locus:72465-73634,seqID:XP_003887564.1,OG:OG5_127922,counts:4,8,6,5,3,6,0,0
7,73001,locus:73671-74057,seqID:XP_003887565.1,OG:OG5_126994,counts:4,3,1,3,2,7,0,11
7,74001,locus:74076-77825,seqID:XP_003887566.1,OG:OG5_127792,counts:3,2,1,2,2,5,0,0
7,75001
7,76001
7,77001
7,78001
7,79001
7,80001,locus:80918-81226,seqID:XP_003887571.1,OG:OG5_127053,counts:4,6,5,4,3,8,0,0
7,81001
7,82001,locus:82362-85676,seqID:XP_003887573.1,OG:OG5_127440,counts:4,2,2,1,2,5,1,1
7,83001
7,84001
7,85001
7,86001
7,87001
7,88001
7,89001,locus:89845-90600,seqID:XP_003887579.1,OG:OG5_126615,counts:2,0,1,0,2,2,4,23
7,90001,locus:90651-91805,seqID:XP_003887580.1,OG:OG5_127148,counts:4,7,2,4,3,8,0,0
7,91001,locus:91898-93094,seqID:XP_003887581.1,OG:OG5_126883,counts:2,0,1,0,2,2,0,0
7,92001
7,93001
7,94001,locus:94786-95382,seqID:XP_003887583.1,OG:OG5_126883,counts:2,0,1,0,2,2,0,0
7,95001
7,96001,locus:96966-97946,seqID:XP_003887585.1,OG:OG5_126628,counts:4,7,7,5,3,8,5,39
7,97001
7,98001
7,99001,locus:99149-99949,seqID:XP_003887587.1,OG:OG5_127051,counts:5,8,6,6,3,8,15,0
7,100001,locus:100076-103255,seqID:XP_003887588.1,OG:OG5_126701,counts:3,6,5,5,3,8,10,5
7,101001
7,102001
7,103001,locus:103293-103658,seqID:XP_003887589.1,OG:OG5_127936,counts:4,6,5,3,3,8,0,0
7,104001
7,105001
7,106001
7,107001,locus:107396-108037,seqID:XP_003887593.1,OG:OG5_129096,counts:2,3,0,2,1,4,0,0
7,108001
7,109001,locus:109584-110705,seqID:XP_003887595.1,OG:OG5_127073,counts:2,1,1,2,2,3,0,14
7,110001
7,111001
7,112001,locus:112899-113513,seqID:XP_003887599.1,OG:OG5_127978,counts:2,2,0,3,3,4,0,0
7,113001,locus:113938-114540,seqID:XP_003887601.1,OG:OG5_127455,counts:4,7,5,3,3,6,13,0
7,114001
7,115001,locus:115165-116208,seqID:XP_003887603.1,OG:OG5_127598,counts:3,5,1,3,3,7,13,0
7,116001
7,117001
7,118001,locus:118624-118941,seqID:XP_003887606.1,OG:OG5_127166,counts:4,8,7,6,3,8,15,0
7,119001,locus:119289-120560,seqID:XP_003887607.1,OG:OG5_127386,counts:2,0,0,0,1,2,0,0
7,120001,locus:120594-121799,seqID:XP_003887608.1,OG:OG5_128322,counts:4,6,4,4,2,8,0,0
7,121001
7,122001,locus:122836-123510,seqID:XP_003887610.1,OG:OG5_127884,counts:4,7,6,6,3,6,0,0
7,123001,locus:123579-124298,seqID:XP_003887611.1,OG:OG5_127041,counts:2,2,1,2,2,4,0,4
7,124001
7,125001
7,126001
7,127001
7,128001
7,129001
7,130001,locus:130227-132527,seqID:XP_003887618.1,OG:OG5_126644,counts:2,0,2,2,2,2,1,16
7,131001
7,132001,locus:132617-133717,seqID:XP_003887619.1,OG:OG5_128096,counts:4,5,2,3,3,8,0,0
7,133001
7,134001,locus:134486-135511,seqID:XP_003887622.1,OG:OG5_130830,counts:1,2,0,3,3,8,0,9
7,135001
7,136001,locus:136149-137474,seqID:XP_003887624.1,OG:OG5_126605,counts:4,8,8,6,3,8,0,0
7,137001
7,138001
7,139001
7,140001
7,141001,locus:141956-142933,seqID:XP_003887631.1,OG:OG5_127709,counts:3,0,0,0,1,3,0,0
7,142001
7,143001,locus:143075-144031,seqID:XP_003887632.1,OG:OG5_126888,counts:4,7,6,5,3,8,0,0
7,144001,locus:144132-146228,seqID:XP_003887633.1,OG:OG5_126842,counts:4,6,4,4,3,8,13,38
7,145001
7,146001
7,147001
7,148001,locus:148450-149460,seqID:XP_003887637.1,OG:OG5_127371,counts:3,0,1,2,2,7,0,13
7,149001,locus:149535-150380,seqID:XP_003887638.1,OG:OG5_127779,counts:4,2,2,3,2,5,0,0
7,150001,locus:150460-152115,seqID:XP_003887639.1,OG:OG5_126871,counts:2,2,1,3,3,6,7,8
7,151001
7,152001,locus:152225-152689,seqID:XP_003887640.1,OG:OG5_126803,counts:4,8,7,6,3,8,4,4
7,153001
7,154001,locus:154179-154574,seqID:XP_003887643.1,OG:OG5_136507,counts:2,0,1,0,0,0,4,0
7,155001,locus:155103-155654,seqID:XP_003887644.1,OG:OG5_126900,counts:5,8,7,6,3,8,14,0
7,156001,locus:155715-156587,seqID:XP_003887645.1,OG:OG5_127100,counts:4,8,7,5,3,7,14,5
7,157001
7,158001,locus:158674-163362,seqID:XP_003887647.1,OG:OG5_128921,counts:3,4,1,2,1,6,0,0
7,159001
7,160001
7,161001
7,162001
7,163001,locus:163848-164149,seqID:XP_003887649.1,OG:OG5_126918,counts:4,8,7,5,3,8,12,0
7,164001
7,165001
7,166001
7,167001,locus:167026-170451,seqID:XP_003887653.1,OG:OG5_127048,counts:3,5,5,2,3,8,0,1
7,168001
7,169001
7,170001
7,171001
7,172001
7,173001
7,174001
7,175001
7,176001
7,177001,locus:177250-179193,seqID:XP_003887658.1,OG:OG5_126764,counts:4,7,6,5,3,8,15,39
7,178001
7,179001
7,180001
7,181001
7,182001
7,183001
7,184001,locus:184872-185894,seqID:XP_003887662.1,OG:OG5_127749,counts:4,6,2,2,3,6,3,10
7,185001
7,186001,locus:186577-187305,seqID:XP_003887664.1,OG:OG5_128366,counts:3,4,2,3,1,5,0,0
7,187001,locus:187350-188624,seqID:XP_003887665.1,OG:OG5_127456,counts:4,7,7,6,3,8,6,0
7,188001
7,189001,locus:189771-191195,seqID:XP_003887667.1,OG:OG5_127036,counts:4,7,5,4,3,8,13,39
7,190001
7,191001
7,192001
7,193001
7,194001,locus:194089-194634,seqID:XP_003887669.1,OG:OG5_128097,counts:4,5,4,2,3,8,2,4
7,195001
7,196001
7,197001,locus:197507-198247,seqID:XP_003887671.1,OG:OG5_126722,counts:5,8,7,6,3,8,15,39
7,198001
7,199001,locus:199200-199661,seqID:XP_003887673.1,OG:OG5_128231,counts:4,5,6,4,3,8,0,0
7,200001
7,201001
7,202001,locus:202259-202891,seqID:XP_003887675.1,OG:OG5_129613,counts:3,1,1,2,1,0,0,0
7,203001,locus:203148-203615,seqID:XP_003887676.1,OG:OG5_127981,counts:4,5,4,4,2,8,3,0
7,204001,locus:203728-204345,seqID:XP_003887677.1,OG:OG5_128161,counts:4,5,5,5,3,4,4,9
7,205001,locus:205952-206875,seqID:XP_003887680.1,OG:OG5_127677,counts:4,6,5,5,3,8,0,7
7,206001
7,207001
7,208001
7,209001,locus:209599-209967,seqID:XP_003887683.1,OG:OG5_127176,counts:4,8,7,6,3,8,4,0
7,210001
7,211001
7,212001
7,213001
8,1
8,1001
8,2001
8,3001,locus:3072-4358,seqID:XP_003887690.1,OG:OG5_132466,counts:1,0,1,1,0,4,0,0
8,4001
8,5001
8,6001,locus:6510-6806,seqID:XP_003887694.1,OG:OG5_127391,counts:4,7,7,5,3,7,0,0
8,7001
8,8001
8,9001,locus:9163-9963,seqID:XP_003887697.1,OG:OG5_132164,counts:1,1,0,2,1,6,0,0
8,10001
8,11001
8,12001
8,13001
8,14001
8,15001
8,16001,locus:16295-17413,seqID:XP_003887702.1,OG:OG5_127871,counts:2,0,1,0,2,2,0,0
8,17001,locus:17542-18669,seqID:XP_003887703.1,OG:OG5_127797,counts:3,2,3,2,3,6,0,0
8,18001,locus:18884-19786,seqID:XP_003887704.1,OG:OG5_126649,counts:2,2,1,0,1,3,0,0
8,19001
8,20001
8,21001,locus:21475-22068,seqID:XP_003887706.1,OG:OG5_127700,counts:4,7,6,5,3,8,0,0
8,22001,locus:22125-24191,seqID:XP_003887707.1,OG:OG5_128134,counts:3,6,5,4,3,7,0,0
8,23001
8,24001,locus:24296-24979,seqID:XP_003887708.1,OG:OG5_128077,counts:3,2,2,1,2,5,0,0
8,25001,locus:25060-25950,seqID:XP_003887709.1,OG:OG5_128058,counts:4,4,3,3,3,8,0,0
8,26001,locus:26013-26363,seqID:XP_003887710.1,OG:OG5_127345,counts:4,6,6,3,3,8,13,0
8,27001,locus:27985-29247,seqID:XP_003887712.1,OG:OG5_127690,counts:4,6,2,5,3,6,0,0
8,28001
8,29001,locus:29307-29783,seqID:XP_003887713.1,OG:OG5_126687,counts:4,8,7,6,3,8,15,39
8,30001
8,31001,locus:31049-31474,seqID:XP_003887715.1,OG:OG5_126931,counts:4,8,7,6,3,7,15,0
8,32001,locus:32292-32687,seqID:XP_003887717.1,OG:OG5_127048,counts:3,5,5,2,3,8,0,1
8,33001,locus:32748-34295,seqID:XP_003887718.1,OG:OG5_127434,counts:3,1,0,2,1,3,0,0
8,34001,locus:34364-34759,seqID:XP_003887719.1,OG:OG5_126572,counts:4,8,6,4,3,8,0,0
8,35001
8,36001
8,37001,locus:37166-37714,seqID:XP_003887722.1,OG:OG5_128599,counts:2,0,0,0,2,4,0,0
8,38001,locus:38725-39276,seqID:XP_003887725.1,OG:OG5_126792,counts:4,8,4,3,3,7,0,7
8,39001,locus:39978-41420,seqID:XP_003887727.1,OG:OG5_126755,counts:4,7,4,3,3,8,14,39
8,40001
8,41001
8,42001,locus:42397-42783,seqID:XP_003887729.1,OG:OG5_135441,counts:4,3,1,4,0,2,0,0
8,43001,locus:42842-44077,seqID:XP_003887730.1,OG:OG5_127866,counts:4,5,5,4,3,8,0,3
8,44001,locus:44131-45759,seqID:XP_003887731.1,OG:OG5_133547,counts:1,0,0,0,0,1,0,0
8,45001
8,46001
8,47001,locus:47003-47242,seqID:XP_003887733.1,OG:OG5_127442,counts:4,5,5,3,2,6,1,0
8,48001,locus:47277-48968,seqID:XP_003887734.1,OG:OG5_126752,counts:4,5,4,4,2,8,14,39
8,49001
8,50001,locus:50236-50670,seqID:XP_003887736.1,OG:OG5_128644,counts:4,6,4,2,2,6,0,0
8,51001
8,52001
8,53001,locus:53613-54176,seqID:XP_003887739.1,OG:OG5_127130,counts:4,8,7,6,3,7,0,0
8,54001
8,55001
8,56001
8,57001
8,58001,locus:58281-59120,seqID:XP_003887742.1,OG:OG5_128062,counts:4,4,3,4,3,8,3,0
8,59001
8,60001,locus:60229-60762,seqID:XP_003887744.1,OG:OG5_127589,counts:0,0,0,0,0,0,11,0
8,61001
8,62001,locus:62089-63393,seqID:XP_003887746.1,OG:OG5_127652,counts:4,4,6,4,3,8,0,0
8,63001
8,64001,locus:64921-65421,seqID:XP_003887749.1,OG:OG5_127650,counts:4,7,7,6,3,8,0,0
8,65001
8,66001
8,67001
8,68001
8,69001,locus:69218-69811,seqID:XP_003887752.1,OG:OG5_126724,counts:4,6,7,5,2,7,0,1
8,70001,locus:69825-70544,seqID:XP_003887753.1,OG:OG5_126620,counts:4,8,6,5,3,8,14,39
8,71001,locus:71177-73378,seqID:XP_003887755.1,OG:OG5_127977,counts:3,4,3,3,2,8,7,2
8,72001
8,73001,locus:73434-73799,seqID:XP_003887756.1,OG:OG5_128606,counts:3,5,2,4,3,5,0,0
8,74001,locus:73885-74796,seqID:XP_003887757.1,OG:OG5_127994,counts:4,3,3,4,3,8,8,21
8,75001
8,76001,locus:76582-76995,seqID:XP_003887760.1,OG:OG5_128121,counts:3,5,4,4,3,8,11,0
8,77001
8,78001,locus:78466-79473,seqID:XP_003887762.1,OG:OG5_127050,counts:5,8,7,6,3,8,15,0
8,79001
8,80001
8,81001
8,82001,locus:82045-82830,seqID:XP_003887764.1,OG:OG5_127146,counts:4,6,7,5,3,7,0,0
8,83001,locus:83593-84399,seqID:XP_003887766.1,OG:OG5_126890,counts:4,8,7,6,3,8,15,0
8,84001,locus:84431-85147,seqID:XP_003887767.1,OG:OG5_126913,counts:4,4,5,4,3,8,14,38
8,85001,locus:85231-86499,seqID:XP_003887768.1,OG:OG5_130652,counts:3,2,0,3,1,4,0,0
8,86001,locus:86581-87102,seqID:XP_003887769.1,OG:OG5_127278,counts:3,6,3,3,3,6,0,0
8,87001
8,88001,locus:88642-89625,seqID:XP_003887772.1,OG:OG5_126950,counts:4,6,7,6,2,8,0,17
8,89001
8,90001
8,91001
8,92001,locus:92459-93328,seqID:XP_003887776.1,OG:OG5_129203,counts:2,0,0,1,1,2,0,0
8,93001
8,94001,locus:94232-94504,seqID:XP_003887778.1,OG:OG5_128251,counts:4,5,6,3,3,7,0,0
8,95001
8,96001
8,97001
8,98001
8,99001
8,100001
8,101001,locus:101163-101492,seqID:XP_003887784.1,OG:OG5_126998,counts:4,5,3,4,3,6,1,0
8,102001,locus:102428-102874,seqID:XP_003887786.1,OG:OG5_127089,counts:4,8,7,6,3,8,15,0
8,103001,locus:103430-104911,seqID:XP_003887788.1,OG:OG5_126772,counts:3,7,4,3,3,8,6,20
8,104001
8,105001,locus:105047-106729,seqID:XP_003887789.1,OG:OG5_127324,counts:4,7,5,4,3,8,13,3
8,106001,locus:106862-109321,seqID:XP_003887790.1,OG:OG5_127619,counts:3,4,2,0,3,4,0,0
8,107001
8,108001
8,109001,locus:109381-110385,seqID:XP_003887791.1,OG:OG5_127516,counts:4,7,6,6,3,8,0,0
8,110001,locus:110426-112282,seqID:XP_003887792.1,OG:OG5_127999,counts:3,2,5,3,3,5,2,1
8,111001
8,112001,locus:112302-112835,seqID:XP_003887793.1,OG:OG5_127732,counts:3,1,3,2,2,4,0,0
8,113001,locus:113996-114880,seqID:XP_003887795.1,OG:OG5_126812,counts:2,1,2,2,1,2,2,21
8,114001,locus:114944-115384,seqID:XP_003887796.1,OG:OG5_126678,counts:4,7,7,6,3,8,15,39
8,115001
8,116001
8,117001
8,118001
8,119001,locus:119004-119720,seqID:XP_003887799.1,OG:OG5_129317,counts:3,3,0,1,3,5,0,0
8,120001
8,121001
8,122001
8,123001
8,124001
8,125001,locus:125001-127166,seqID:XP_003887806.1,OG:OG5_127760,counts:3,4,1,2,2,5,0,0
8,126001
8,127001
8,128001,locus:128342-129430,seqID:XP_003887808.1,OG:OG5_128226,counts:3,7,7,5,3,7,4,0
8,129001
8,130001,locus:130807-131763,seqID:XP_003887810.1,OG:OG5_127744,counts:4,7,7,5,3,7,0,0
8,131001,locus:131928-133607,seqID:XP_003887811.1,OG:OG5_134562,counts:2,2,1,2,3,5,0,3
8,132001
8,133001,locus:133975-134274,seqID:XP_003887813.1,OG:OG5_128752,counts:2,1,2,2,1,3,0,0
8,134001
8,135001,locus:135845-136711,seqID:XP_003887815.1,OG:OG5_126838,counts:3,2,4,2,2,7,0,0
8,136001
8,137001,locus:137595-137987,seqID:XP_003887817.1,OG:OG5_126864,counts:3,1,1,2,3,7,0,11
8,138001
8,139001,locus:139498-140247,seqID:XP_003887820.1,OG:OG5_139563,counts:0,0,0,0,0,4,0,0
8,140001,locus:140433-141794,seqID:XP_003887821.1,OG:OG5_128608,counts:2,0,0,0,1,2,0,0
8,141001
8,142001,locus:142191-142985,seqID:XP_003887822.1,OG:OG5_127158,counts:4,5,5,4,3,8,0,0
8,143001,locus:143053-144951,seqID:XP_003887823.1,OG:OG5_127625,counts:2,1,0,0,0,4,0,0
8,144001
8,145001,locus:145205-146503,seqID:XP_003887824.1,OG:OG5_127349,counts:4,6,4,4,3,8,15,1
8,146001
8,147001
8,148001
8,149001
8,150001,locus:150645-151100,seqID:XP_003887829.1,OG:OG5_128225,counts:4,3,4,2,2,5,0,0
8,151001,locus:151131-152123,seqID:XP_003887830.1,OG:OG5_127683,counts:4,7,7,5,3,7,0,0
8,152001,locus:152189-153124,seqID:XP_003887831.1,OG:OG5_128751,counts:1,0,0,0,1,1,12,0
8,153001
8,154001
8,155001,locus:155176-155835,seqID:XP_003887835.1,OG:OG5_126951,counts:4,8,7,6,3,8,15,0
8,156001,locus:155911-156612,seqID:XP_003887836.1,OG:OG5_127623,counts:4,7,7,4,3,8,0,0
8,157001
8,158001
8,159001,locus:159503-160174,seqID:XP_003887839.1,OG:OG5_127367,counts:4,7,7,5,3,8,15,0
8,160001,locus:160249-161337,seqID:XP_003887840.1,OG:OG5_129875,counts:4,5,4,4,3,6,1,4
8,161001
8,162001,locus:162557-163669,seqID:XP_003887842.1,OG:OG5_126719,counts:3,7,4,4,2,6,0,0
8,163001
8,164001,locus:164807-165157,seqID:XP_003887844.1,OG:OG5_128605,counts:4,7,2,3,2,6,0,0
8,165001
8,166001,locus:166506-167210,seqID:XP_003887847.1,OG:OG5_127251,counts:1,1,0,3,2,6,0,0
8,167001
8,168001
8,169001
8,170001
8,171001
8,172001,locus:172280-173296,seqID:XP_003887853.1,OG:OG5_128942,counts:4,3,2,3,2,7,0,0
8,173001,locus:173366-173905,seqID:XP_003887854.1,OG:OG5_127206,counts:5,7,6,6,3,8,0,0
8,174001
8,175001,locus:175883-176689,seqID:XP_003887857.1,OG:OG5_129062,counts:4,5,2,3,2,3,0,0
8,176001
8,177001,locus:177370-178104,seqID:XP_003887859.1,OG:OG5_127536,counts:0,0,0,0,0,0,7,0
8,178001,locus:178163-179464,seqID:XP_003887860.1,OG:OG5_127121,counts:4,7,5,5,3,6,1,29
8,179001,locus:179616-180215,seqID:XP_003887861.1,OG:OG5_129823,counts:4,2,3,4,3,4,10,0
8,180001,locus:180448-181137,seqID:XP_003887862.1,OG:OG5_127100,counts:4,8,7,5,3,7,14,5
8,181001
8,182001
8,183001
8,184001
8,185001
8,186001
8,187001
8,188001
8,189001
8,190001
8,191001
8,192001
8,193001,locus:193177-193494,seqID:XP_003887866.1,OG:OG5_126659,counts:4,8,7,6,3,8,15,39
8,194001,locus:194725-195363,seqID:XP_003887868.1,OG:OG5_128805,counts:4,6,4,5,3,8,0,0
8,195001,locus:195532-196689,seqID:XP_003887869.1,OG:OG5_130925,counts:1,3,2,0,0,0,0,0
8,196001,locus:196724-197779,seqID:XP_003887870.1,OG:OG5_129189,counts:2,1,1,0,0,4,0,0
8,197001,locus:197896-199059,seqID:XP_003887871.1,OG:OG5_127831,counts:4,7,7,5,3,8,1,0
8,198001
8,199001
8,200001
8,201001,locus:201599-202099,seqID:XP_003887875.1,OG:OG5_127022,counts:4,8,7,6,3,8,14,0
8,202001
8,203001
10,1
10,1001
10,2001
10,3001,locus:3267-3635,seqID:XP_003888083.1,OG:OG5_127176,counts:4,8,7,6,3,8,4,0
10,4001
10,5001,locus:5086-5724,seqID:XP_003888085.1,OG:OG5_128805,counts:4,6,4,5,3,8,0,0
10,6001,locus:6076-7050,seqID:XP_003888086.1,OG:OG5_130925,counts:1,3,2,0,0,0,0,0
10,7001,locus:7085-8140,seqID:XP_003888087.1,OG:OG5_129189,counts:2,1,1,0,0,4,0,0
10,8001,locus:8257-9420,seqID:XP_003888088.1,OG:OG5_127831,counts:4,7,7,5,3,8,1,0
10,9001,locus:9495-10130,seqID:XP_003888089.1,OG:OG5_127301,counts:4,6,6,5,3,8,15,15
10,10001
10,11001,locus:11597-11914,seqID:XP_003888091.1,OG:OG5_126659,counts:4,8,7,6,3,8,15,39
10,12001,locus:11988-13262,seqID:XP_003888092.1,OG:OG5_126932,counts:4,6,5,5,3,8,14,37
10,13001,locus:13317-13910,seqID:XP_003888093.1,OG:OG5_127414,counts:4,4,1,4,3,5,12,22
10,14001,locus:14068-15174,seqID:XP_003888094.1,OG:OG5_127957,counts:4,7,5,3,3,7,0,0
10,15001
10,16001,locus:16184-16894,seqID:XP_003888096.1,OG:OG5_128634,counts:3,4,3,3,2,8,0,0
10,17001,locus:16972-17958,seqID:XP_003888097.1,OG:OG5_127718,counts:4,7,3,5,3,7,0,0
10,18001,locus:18507-20066,seqID:XP_003888099.1,OG:OG5_127483,counts:4,8,6,5,3,7,15,0
10,19001
10,20001,locus:20256-23681,seqID:XP_003888100.1,OG:OG5_126694,counts:3,5,4,4,2,8,13,0
10,21001
10,22001
10,23001,locus:23822-24178,seqID:XP_003888101.1,OG:OG5_128092,counts:3,2,0,1,3,4,0,0
10,24001,locus:24271-24837,seqID:XP_003888102.1,OG:OG5_128693,counts:4,4,1,2,2,3,0,0
10,25001,locus:24965-27439,seqID:XP_003888103.1,OG:OG5_127380,counts:2,1,1,2,0,1,7,2
10,26001
10,27001
10,28001,locus:28131-29336,seqID:XP_003888105.1,OG:OG5_128200,counts:4,5,1,4,3,7,0,0
10,29001,locus:29829-31184,seqID:XP_003888107.1,OG:OG5_129480,counts:3,4,2,0,3,2,0,0
10,30001
10,31001,locus:31232-32725,seqID:XP_003888108.1,OG:OG5_126975,counts:3,2,1,0,2,3,0,0
10,32001
10,33001,locus:33712-34545,seqID:XP_003888110.1,OG:OG5_127487,counts:4,7,3,2,3,8,0,0
10,34001,locus:34905-35516,seqID:XP_003888111.1,OG:OG5_128099,counts:4,4,3,1,0,3,0,0
10,35001
10,36001
10,37001,locus:37143-37991,seqID:XP_003888114.1,OG:OG5_127958,counts:2,3,1,1,2,2,0,0
10,38001
10,39001,locus:39590-40012,seqID:XP_003888116.1,OG:OG5_127029,counts:4,8,7,5,3,8,14,0
10,40001,locus:40054-40680,seqID:XP_003888117.1,OG:OG5_127854,counts:4,7,4,4,3,7,0,0
10,41001
10,42001
10,43001,locus:43067-44266,seqID:XP_003888120.1,OG:OG5_127784,counts:4,7,3,3,2,8,0,9
10,44001,locus:44839-46386,seqID:XP_003888121.1,OG:OG5_132577,counts:2,1,0,1,2,3,0,0
10,45001
10,46001,locus:46661-47128,seqID:XP_003888122.1,OG:OG5_127985,counts:3,3,1,2,3,7,8,29
10,47001
10,48001
10,49001
10,50001
10,51001,locus:51275-52423,seqID:XP_003888125.1,OG:OG5_127526,counts:4,5,3,3,3,4,12,16
10,52001
10,53001
10,54001,locus:54721-55482,seqID:XP_003888127.1,OG:OG5_130753,counts:1,2,0,2,0,3,0,4
10,55001,locus:55595-57253,seqID:XP_003888128.1,OG:OG5_134562,counts:2,2,1,2,3,5,0,3
10,56001
10,57001,locus:57516-58220,seqID:XP_003888129.1,OG:OG5_127623,counts:4,7,7,4,3,8,0,0
10,58001,locus:58261-58971,seqID:XP_003888130.1,OG:OG5_140177,counts:2,0,0,0,1,0,0,0
10,59001
10,60001
10,61001
10,62001,locus:62540-64258,seqID:XP_003888134.1,OG:OG5_127539,counts:2,0,1,2,1,3,0,0
10,63001
10,64001,locus:64883-67702,seqID:XP_003888136.1,OG:OG5_127731,counts:4,6,4,2,2,5,0,0
10,65001
10,66001
10,67001,locus:67794-69329,seqID:XP_003888137.1,OG:OG5_127782,counts:4,8,7,5,3,8,2,0
10,68001
10,69001
10,70001
10,71001
10,72001
10,73001
10,74001
10,75001
10,76001
10,77001
10,78001
10,79001,locus:79954-81087,seqID:XP_003888140.1,OG:OG5_126735,counts:4,6,5,3,3,5,0,0
10,80001
10,81001,locus:81138-81668,seqID:XP_003888141.1,OG:OG5_127869,counts:4,7,6,5,3,7,1,0
10,82001,locus:81782-84169,seqID:XP_003888142.1,OG:OG5_128042,counts:3,4,5,2,3,8,0,1
10,83001
10,84001,locus:84219-85598,seqID:XP_003888143.1,OG:OG5_128567,counts:3,3,3,3,2,6,0,0
10,85001
10,86001
10,87001,locus:87573-90329,seqID:XP_003888145.1,OG:OG5_126895,counts:2,4,2,1,2,4,4,36
10,88001
10,89001
10,90001
10,91001
10,92001
10,93001,locus:93182-94258,seqID:XP_003888149.1,OG:OG5_127231,counts:4,7,6,6,3,8,15,1
10,94001,locus:94393-97041,seqID:XP_003888150.1,OG:OG5_129078,counts:2,5,1,2,2,5,0,0
10,95001
10,96001
10,97001,locus:97665-98729,seqID:XP_003888152.1,OG:OG5_127765,counts:4,5,5,4,3,8,0,0
10,98001
10,99001,locus:99661-100293,seqID:XP_003888154.1,OG:OG5_128126,counts:3,4,6,3,2,7,0,0
10,100001
10,101001
10,102001,locus:102631-103485,seqID:XP_003888157.1,OG:OG5_127191,counts:5,7,7,5,3,8,15,0
10,103001,locus:103593-104297,seqID:XP_003888158.1,OG:OG5_128004,counts:4,6,4,4,3,6,0,0
10,104001,locus:104391-105104,seqID:XP_003888159.1,OG:OG5_127248,counts:4,6,2,2,1,6,0,0
10,105001
10,106001,locus:106419-106769,seqID:XP_003888161.1,OG:OG5_127881,counts:4,4,6,3,3,6,0,0
10,107001,locus:106797-108599,seqID:XP_003888162.1,OG:OG5_127215,counts:4,4,3,4,3,8,7,21
10,108001
10,109001,locus:109822-111810,seqID:XP_003888164.1,OG:OG5_126601,counts:2,1,1,2,1,5,2,13
10,110001
10,111001,locus:111771-113702,seqID:XP_003888165.1,OG:OG5_127285,counts:4,5,4,5,2,5,15,28
10,112001
10,113001,locus:113848-115920,seqID:XP_003888166.1,OG:OG5_126601,counts:2,1,1,2,1,5,2,13
10,114001
10,115001,locus:116000-118309,seqID:XP_003888167.1,OG:OG5_126839,counts:4,5,4,5,3,7,12,31
10,116001
10,117001
10,118001
10,119001
10,120001,locus:120083-120559,seqID:XP_003888169.1,OG:OG5_126877,counts:4,8,7,4,3,7,0,0
10,121001,locus:121243-121743,seqID:XP_003888171.1,OG:OG5_127564,counts:4,5,5,4,3,7,15,1
10,122001
10,123001
10,124001,locus:124117-124587,seqID:XP_003888174.1,OG:OG5_127016,counts:4,6,7,6,3,8,14,0
10,125001,locus:124740-126110,seqID:XP_003888175.1,OG:OG5_131610,counts:2,0,1,2,1,3,0,0
10,126001
10,127001
10,128001
10,129001,locus:129591-131024,seqID:XP_003888179.1,OG:OG5_127061,counts:5,8,7,5,3,8,14,23
10,130001
10,131001,locus:131754-133262,seqID:XP_003888181.1,OG:OG5_129051,counts:4,3,5,2,3,4,4,27
10,132001
10,133001,locus:133744-135006,seqID:XP_003888183.1,OG:OG5_128793,counts:4,3,2,4,3,8,0,0
10,134001
10,135001,locus:135026-135577,seqID:XP_003888184.1,OG:OG5_128635,counts:1,2,0,0,1,1,0,0
10,136001,locus:136437-137939,seqID:XP_003888186.1,OG:OG5_126795,counts:4,8,7,6,3,8,0,1
10,137001
10,138001,locus:138136-139206,seqID:XP_003888187.1,OG:OG5_128790,counts:3,5,1,3,2,2,0,0
10,139001
10,140001
10,141001
10,142001
10,143001
10,144001
10,145001
10,146001
10,147001
10,148001
10,149001,locus:149608-150180,seqID:XP_003888192.1,OG:OG5_129961,counts:2,0,0,3,1,4,0,0
10,150001,locus:150284-150967,seqID:XP_003888193.1,OG:OG5_127577,counts:3,2,4,2,3,7,0,0
10,151001
10,152001,locus:152722-153339,seqID:XP_003888195.1,OG:OG5_126846,counts:4,7,7,4,3,8,0,0
10,153001
10,154001
10,155001
10,156001
10,157001
10,158001
10,159001
10,160001
10,161001,locus:161121-163607,seqID:XP_003888199.1,OG:OG5_127843,counts:4,6,2,3,3,8,0,0
10,162001
10,163001
10,164001
10,165001
10,166001,locus:166401-167462,seqID:XP_003888201.1,OG:OG5_128431,counts:2,1,0,2,2,2,0,0
10,167001,locus:167509-168192,seqID:XP_003888202.1,OG:OG5_127075,counts:4,6,5,2,2,6,0,2
10,168001
10,169001,locus:169170-169649,seqID:XP_003888204.1,OG:OG5_127914,counts:4,6,6,5,3,8,0,0
10,170001,locus:170161-170649,seqID:XP_003888206.1,OG:OG5_127153,counts:4,8,5,3,3,5,0,0
10,171001
10,172001
10,173001,locus:173226-173789,seqID:XP_003888208.1,OG:OG5_128697,counts:4,3,0,3,3,8,0,0
10,174001,locus:174579-176069,seqID:XP_003888210.1,OG:OG5_130170,counts:2,2,1,1,1,2,14,22
10,175001
10,176001
10,177001,locus:177986-178861,seqID:XP_003888212.1,OG:OG5_136793,counts:1,0,0,0,0,0,0,0
10,178001,locus:178914-186137,seqID:XP_003888213.1,OG:OG5_127551,counts:3,6,6,4,3,7,0,0
10,179001
10,180001
10,181001
10,182001
10,183001
10,184001
10,185001
10,186001
10,187001
10,188001
10,189001,locus:189512-191059,seqID:XP_003888216.1,OG:OG5_129874,counts:3,4,2,4,2,3,0,1
10,190001
10,191001,locus:191187-192392,seqID:XP_003888217.1,OG:OG5_127786,counts:5,6,7,5,3,8,2,0
10,192001,locus:192462-193652,seqID:XP_003888218.1,OG:OG5_127781,counts:3,4,4,2,2,6,0,0
10,193001,locus:193705-194403,seqID:XP_003888219.1,OG:OG5_127088,counts:2,2,1,2,1,3,0,0
10,194001,locus:194482-195090,seqID:XP_003888220.1,OG:OG5_127100,counts:4,8,7,5,3,7,14,5
10,195001,locus:195164-197254,seqID:XP_003888221.1,OG:OG5_127471,counts:4,7,5,4,3,8,9,24
10,196001
10,197001
10,198001
10,199001,locus:199755-200903,seqID:XP_003888224.1,OG:OG5_128445,counts:4,0,0,1,1,3,1,7
10,200001
10,201001
10,202001,locus:202594-202953,seqID:XP_003888226.1,OG:OG5_149523,counts:2,1,0,0,0,0,0,0
10,203001
10,204001
10,205001
10,206001,locus:206609-207070,seqID:XP_003888230.1,OG:OG5_128611,counts:4,6,6,5,3,6,0,0
10,207001,locus:207703-208127,seqID:XP_003888233.1,OG:OG5_126896,counts:3,8,7,5,3,8,11,0
10,208001,locus:208605-208991,seqID:XP_003888235.1,OG:OG5_127733,counts:4,5,6,3,3,8,0,0
10,209001,locus:209046-209882,seqID:XP_003888236.1,OG:OG5_128351,counts:3,4,1,1,2,4,0,0
10,210001,locus:209965-210576,seqID:XP_003888237.1,OG:OG5_127882,counts:4,4,6,4,3,6,0,0
10,211001
10,212001
10,213001
10,214001,locus:214230-216545,seqID:XP_003888241.1,OG:OG5_128540,counts:3,2,2,0,1,4,0,0
10,215001
10,216001
10,217001
10,218001
10,219001
10,220001,locus:220744-222096,seqID:XP_003888244.1,OG:OG5_128229,counts:3,5,3,2,3,5,0,0
10,221001
10,222001,locus:222140-223378,seqID:XP_003888245.1,OG:OG5_126698,counts:4,8,8,5,3,8,13,39
10,223001,locus:223440-223730,seqID:XP_003888246.1,OG:OG5_131166,counts:4,2,1,1,0,1,1,0
10,224001,locus:223827-225713,seqID:XP_003888247.1,OG:OG5_126660,counts:4,7,3,0,2,5,0,0
10,225001,locus:225746-226531,seqID:XP_003888248.1,OG:OG5_129504,counts:2,4,1,3,3,3,0,0
10,226001,locus:226579-227790,seqID:XP_003888249.1,OG:OG5_127955,counts:4,6,4,3,3,4,9,5
10,227001,locus:227887-228717,seqID:XP_003888250.1,OG:OG5_127163,counts:4,7,6,4,3,8,0,0
10,228001,locus:228810-231875,seqID:XP_003888251.1,OG:OG5_128740,counts:2,6,0,0,0,0,0,0
10,229001
10,230001
10,231001,locus:231956-233791,seqID:XP_003888252.1,OG:OG5_128216,counts:4,4,4,4,3,8,0,0
10,232001
10,233001,locus:233819-234415,seqID:XP_003888253.1,OG:OG5_126792,counts:4,8,4,3,3,7,0,7
10,234001,locus:234472-235929,seqID:XP_003888254.1,OG:OG5_127293,counts:4,5,3,3,2,7,3,32
10,235001
10,236001
10,237001,locus:237306-239045,seqID:XP_003888256.1,OG:OG5_127272,counts:4,7,5,5,3,8,15,21
10,238001
10,239001
10,240001
11,1
11,1001
11,2001
11,3001,locus:3096-3899,seqID:XP_003888262.1,OG:OG5_142788,counts:2,3,0,5,2,5,0,1
11,4001,locus:4222-5439,seqID:XP_003888263.1,OG:OG5_127439,counts:3,3,5,2,2,8,0,0
11,5001
11,6001,locus:6117-8741,seqID:XP_003888264.1,OG:OG5_127846,counts:3,5,3,3,3,8,0,0
11,7001
11,8001
11,9001
11,10001,locus:10366-11040,seqID:XP_003888267.1,OG:OG5_128984,counts:2,0,0,1,0,3,0,0
11,11001,locus:11404-12132,seqID:XP_003888268.1,OG:OG5_127002,counts:4,7,8,5,3,8,0,28
11,12001,locus:12303-15377,seqID:XP_003888269.1,OG:OG5_127698,counts:3,6,4,4,3,8,0,0
11,13001
11,14001
11,15001,locus:15424-15987,seqID:XP_003888270.1,OG:OG5_127254,counts:4,4,4,2,3,8,0,37
11,16001
11,17001
11,18001
11,19001
11,20001
11,21001,locus:21092-21817,seqID:XP_003888274.1,OG:OG5_128327,counts:2,0,0,1,1,3,0,0
11,22001
11,23001,locus:23075-23389,seqID:XP_003888276.1,OG:OG5_128731,counts:3,2,0,1,1,2,0,0
11,24001,locus:23405-26737,seqID:XP_003888277.1,OG:OG5_126694,counts:3,5,4,4,2,8,13,0
11,25001
11,26001
11,27001
11,28001
11,29001,locus:29936-30460,seqID:XP_003888281.1,OG:OG5_129500,counts:4,4,2,4,3,2,0,0
11,30001
11,31001
11,32001,locus:32299-34065,seqID:XP_003888284.1,OG:OG5_127091,counts:3,6,2,3,3,8,0,3
11,33001
11,34001,locus:34563-38828,seqID:XP_003888286.1,OG:OG5_128362,counts:2,1,0,1,0,3,0,0
11,35001
11,36001
11,37001
11,38001
11,39001,locus:39026-40225,seqID:XP_003888287.1,OG:OG5_128009,counts:4,4,3,3,2,6,0,0
11,40001,locus:40340-42085,seqID:XP_003888288.1,OG:OG5_127200,counts:3,2,2,3,1,5,0,0
11,41001
11,42001,locus:42146-43753,seqID:XP_003888289.1,OG:OG5_126851,counts:4,7,3,3,3,8,14,39
11,43001
11,44001
11,45001
11,46001
11,47001
11,48001,locus:48816-49973,seqID:XP_003888295.1,OG:OG5_127096,counts:4,7,6,4,3,8,15,0
11,49001
11,50001,locus:50048-51829,seqID:XP_003888296.1,OG:OG5_126744,counts:4,6,6,5,3,8,8,39
11,51001,locus:51945-52700,seqID:XP_003888297.1,OG:OG5_127251,counts:1,1,0,3,2,6,0,0
11,52001
11,53001,locus:53192-54103,seqID:XP_003888299.1,OG:OG5_127757,counts:4,8,7,6,3,8,0,0
11,54001
11,55001,locus:55179-55493,seqID:XP_003888301.1,OG:OG5_128425,counts:3,5,6,4,3,5,1,0
11,56001
11,57001
11,58001
11,59001
11,60001
11,61001
11,62001,locus:62810-63280,seqID:XP_003888307.1,OG:OG5_127299,counts:2,0,0,1,0,2,0,0
11,63001
11,64001,locus:64060-65013,seqID:XP_003888309.1,OG:OG5_126821,counts:4,8,6,6,3,8,3,0
11,65001
11,66001
11,67001,locus:67799-68836,seqID:XP_003888312.1,OG:OG5_127109,counts:3,6,4,1,3,7,7,31
11,68001,locus:68871-69239,seqID:XP_003888313.1,OG:OG5_127641,counts:4,5,4,4,3,7,0,3
11,69001
11,70001,locus:70366-70728,seqID:XP_003888315.1,OG:OG5_126760,counts:4,8,7,5,3,8,15,39
11,71001,locus:71842-72432,seqID:XP_003888318.1,OG:OG5_127464,counts:4,8,7,5,3,8,15,0
11,72001,locus:72493-73593,seqID:XP_003888319.1,OG:OG5_127511,counts:1,0,0,0,0,3,10,0
11,73001,locus:73758-75239,seqID:XP_003888320.1,OG:OG5_127911,counts:3,1,0,1,2,2,0,0
11,74001
11,75001,locus:75950-78073,seqID:XP_003888322.1,OG:OG5_127203,counts:4,7,5,3,3,8,0,0
11,76001
11,77001
11,78001,locus:78203-80251,seqID:XP_003888323.1,OG:OG5_129017,counts:4,5,5,2,3,7,1,1
11,79001
11,80001,locus:80390-81166,seqID:XP_003888324.1,OG:OG5_128061,counts:4,6,7,4,3,8,0,0
11,81001,locus:81299-82303,seqID:XP_003888325.1,OG:OG5_126834,counts:4,7,5,4,3,8,15,25
11,82001,locus:82405-82731,seqID:XP_003888326.1,OG:OG5_129429,counts:4,4,2,4,3,3,0,0
11,83001
11,84001,locus:84333-85496,seqID:XP_003888328.1,OG:OG5_128543,counts:2,2,1,0,1,2,0,2
11,85001,locus:85528-87522,seqID:XP_003888329.1,OG:OG5_126599,counts:3,8,4,4,3,8,0,16
11,86001
11,87001,locus:87742-88710,seqID:XP_003888330.1,OG:OG5_127671,counts:4,6,5,5,3,8,0,4
11,88001
11,89001,locus:89018-90625,seqID:XP_003888331.1,OG:OG5_126851,counts:4,7,3,3,3,8,14,39
11,90001,locus:90796-92433,seqID:XP_003888332.1,OG:OG5_127626,counts:3,6,1,4,3,5,14,19
11,91001
11,92001,locus:92489-95197,seqID:XP_003888333.1,OG:OG5_127822,counts:2,5,1,2,3,6,0,0
11,93001
11,94001
11,95001,locus:95226-96200,seqID:XP_003888334.1,OG:OG5_127996,counts:3,5,3,2,3,8,0,1
11,96001,locus:96802-97653,seqID:XP_003888336.1,OG:OG5_127433,counts:4,7,6,4,3,8,15,1
11,97001,locus:97952-98281,seqID:XP_003888337.1,OG:OG5_128156,counts:4,8,6,6,3,8,0,0
11,98001
11,99001,locus:99309-100295,seqID:XP_003888339.1,OG:OG5_130531,counts:3,1,2,0,2,4,0,0
11,100001,locus:100345-100713,seqID:XP_003888340.1,OG:OG5_137228,counts:2,0,0,1,0,1,0,0
11,101001
11,102001,locus:102024-102305,seqID:XP_003888343.1,OG:OG5_139563,counts:0,0,0,0,0,4,0,0
11,103001,locus:103920-105197,seqID:XP_003888346.1,OG:OG5_127068,counts:3,1,0,2,2,7,0,0
11,104001
11,105001,locus:105722-107128,seqID:XP_003888348.1,OG:OG5_126717,counts:2,4,1,3,2,3,1,17
11,106001
11,107001
11,108001,locus:108414-109310,seqID:XP_003888350.1,OG:OG5_128149,counts:1,2,1,0,2,4,0,1
11,109001,locus:109317-109997,seqID:XP_003888351.1,OG:OG5_126676,counts:4,7,5,5,3,8,10,31
11,110001,locus:110505-113567,seqID:XP_003888353.1,OG:OG5_126684,counts:4,6,5,4,3,7,8,15
11,111001
11,112001
11,113001
11,114001
11,115001
11,116001
11,117001
11,118001,locus:118714-119157,seqID:XP_003888358.1,OG:OG5_128420,counts:4,4,5,4,3,3,0,0
11,119001
11,120001,locus:120677-122020,seqID:XP_003888360.1,OG:OG5_128309,counts:3,3,0,2,2,3,0,0
11,121001
11,122001,locus:122269-124788,seqID:XP_003888361.1,OG:OG5_128363,counts:1,0,0,0,0,0,0,0
11,123001
11,124001,locus:124834-125721,seqID:XP_003888362.1,OG:OG5_126620,counts:4,8,6,5,3,8,14,39
11,125001,locus:125767-127503,seqID:XP_003888363.1,OG:OG5_126733,counts:4,4,4,4,3,7,4,22
11,126001
11,127001
11,128001
11,129001,locus:129656-130363,seqID:XP_003888366.1,OG:OG5_132949,counts:2,2,0,2,3,1,0,0
11,130001
11,131001
11,132001,locus:132108-134015,seqID:XP_003888369.1,OG:OG5_128001,counts:3,6,6,4,3,8,1,1
11,133001
11,134001,locus:134040-135299,seqID:XP_003888370.1,OG:OG5_128002,counts:4,7,5,4,3,8,3,0
11,135001,locus:135362-137185,seqID:XP_003888371.1,OG:OG5_127237,counts:5,7,7,5,3,8,15,22
11,136001
11,137001,locus:137260-138222,seqID:XP_003888372.1,OG:OG5_126712,counts:3,5,3,4,3,4,0,0
11,138001
11,139001,locus:139697-140743,seqID:XP_003888374.1,OG:OG5_127243,counts:3,3,3,3,2,4,6,26
11,140001,locus:140767-141207,seqID:XP_003888375.1,OG:OG5_128074,counts:4,5,6,3,3,5,0,0
11,141001
11,142001,locus:142305-144269,seqID:XP_003888377.1,OG:OG5_126574,counts:4,7,5,5,3,8,3,9
11,143001
11,144001,locus:144429-144962,seqID:XP_003888378.1,OG:OG5_129419,counts:4,4,6,2,3,5,0,0
11,145001
11,146001
11,147001
11,148001
11,149001,locus:149956-150570,seqID:XP_003888381.1,OG:OG5_127033,counts:4,8,7,6,3,7,15,0
11,150001
11,151001,locus:151299-151625,seqID:XP_003888383.1,OG:OG5_128243,counts:4,6,4,3,3,6,0,0
11,152001,locus:152543-155083,seqID:XP_003888385.1,OG:OG5_126636,counts:4,8,3,4,3,8,1,39
11,153001
11,154001
11,155001,locus:155517-156272,seqID:XP_003888386.1,OG:OG5_127443,counts:4,5,3,4,3,8,14,0
11,156001
11,157001
11,158001
11,159001
11,160001,locus:160422-161240,seqID:XP_003888388.1,OG:OG5_127687,counts:4,7,3,4,3,8,0,0
11,161001,locus:161431-163983,seqID:XP_003888389.1,OG:OG5_126923,counts:5,7,8,6,3,8,14,10
11,162001
11,163001
11,164001,locus:164077-164364,seqID:XP_003888390.1,OG:OG5_128092,counts:3,2,0,1,3,4,0,0
11,165001,locus:165823-166614,seqID:XP_003888393.1,OG:OG5_127026,counts:4,6,6,4,3,8,0,6
11,166001,locus:166810-167814,seqID:XP_003888394.1,OG:OG5_127157,counts:3,6,3,2,3,4,6,33
11,167001,locus:167892-168563,seqID:XP_003888395.1,OG:OG5_127179,counts:3,3,1,1,2,5,0,27
11,168001
11,169001,locus:169719-171083,seqID:XP_003888397.1,OG:OG5_126743,counts:4,3,3,4,1,5,0,5
11,170001
11,171001,locus:171121-171948,seqID:XP_003888398.1,OG:OG5_129467,counts:3,4,2,2,1,2,8,32
11,172001,locus:172014-172832,seqID:XP_003888399.1,OG:OG5_126868,counts:3,6,3,6,3,7,0,0
11,173001,locus:173980-175854,seqID:XP_003888401.1,OG:OG5_127149,counts:4,7,7,5,3,8,15,0
11,174001
11,175001
11,176001
11,177001
11,178001,locus:178252-179196,seqID:XP_003888404.1,OG:OG5_126786,counts:2,2,1,1,1,5,5,28
11,179001,locus:179210-179623,seqID:XP_003888405.1,OG:OG5_127080,counts:4,8,7,5,3,7,15,0
11,180001,locus:180465-181007,seqID:XP_003888407.1,OG:OG5_131935,counts:1,0,0,2,2,1,0,0
11,181001,locus:181539-182135,seqID:XP_003888409.1,OG:OG5_129722,counts:2,1,1,2,1,4,0,0
11,182001,locus:182382-183074,seqID:XP_003888410.1,OG:OG5_127884,counts:4,7,6,6,3,6,0,0
11,183001,locus:183587-184204,seqID:XP_003888412.1,OG:OG5_127030,counts:3,2,3,0,1,4,0,0
11,184001,locus:184679-185641,seqID:XP_003888413.1,OG:OG5_129443,counts:3,2,2,0,0,1,0,0
11,185001
11,186001
11,187001
11,188001,locus:188592-190181,seqID:XP_003888416.1,OG:OG5_126869,counts:3,5,3,3,1,3,0,0
11,189001
11,190001
11,191001
11,192001
11,193001
11,194001,locus:194074-195687,seqID:XP_003888419.1,OG:OG5_126761,counts:4,7,6,5,3,8,0,1
11,195001,locus:195836-197131,seqID:XP_003888420.1,OG:OG5_126959,counts:4,6,5,4,3,8,8,38
11,196001
11,197001,locus:197341-198348,seqID:XP_003888421.1,OG:OG5_127359,counts:4,6,6,5,2,8,0,9
11,198001
11,199001
11,200001,locus:200908-201786,seqID:XP_003888424.1,OG:OG5_127590,counts:4,4,4,4,3,8,3,5
11,201001,locus:201912-203294,seqID:XP_003888425.1,OG:OG5_128763,counts:2,3,1,1,3,3,0,0
11,202001
11,203001
11,204001
11,205001
11,206001
11,207001
11,208001
11,209001
11,210001
11,211001
11,212001
11,213001
11,214001,locus:214192-215001,seqID:XP_003888434.1,OG:OG5_127912,counts:4,8,5,5,3,8,2,0
11,215001,locus:215070-216086,seqID:XP_003888435.1,OG:OG5_127013,counts:4,5,6,4,3,8,0,0
11,216001,locus:216176-217912,seqID:XP_003888436.1,OG:OG5_127919,counts:3,6,2,4,3,7,1,0
11,217001
11,218001,locus:218887-219957,seqID:XP_003888438.1,OG:OG5_129485,counts:4,0,0,2,1,2,0,0
11,219001
11,220001,locus:220185-221177,seqID:XP_003888439.1,OG:OG5_127891,counts:4,7,4,4,3,8,0,0
11,221001,locus:221174-222016,seqID:XP_003888440.1,OG:OG5_128222,counts:4,5,0,2,2,7,0,0
11,222001
11,223001,locus:223850-226927,seqID:XP_003888443.1,OG:OG5_128615,counts:2,0,0,1,2,3,0,0
11,224001
11,225001
11,226001
11,227001,locus:227481-229091,seqID:XP_003888445.1,OG:OG5_133348,counts:2,1,0,1,0,1,0,0
11,228001
11,229001
11,230001
11,231001
11,232001
11,233001,locus:233982-234350,seqID:XP_003888451.1,OG:OG5_127176,counts:4,8,7,6,3,8,4,0
11,234001
11,235001
11,236001
11,237001
